{
"type": "FeatureCollection",
"name": "data",
"crs": { "type": "name", "properties": { "name": "urn:ogc:def:crs:EPSG::2154" } },
"features": [
{ "type": "Feature", "properties": { "fid": 1, "type": "fontaine", "source": "Poull Ha Feunteun", "nom": "Fontaine du Croazou", "precision_geom": "exacte", "statut": "existant", "src_p1910": false, "description": "La fontaine se trouve en aval du lavoir, ce qui est plutôt original.", "alt-name": null, "src_c1842": false, "commentaire_st": "La fontaine ne figure pas sur le plan parcellaire de 1842. Elle est indiquée sur le plan de 1910 (version de Jean G.). Elle est visible sur les photos aériennes anciennes et actuelles.", "bzh-nom": null, "num_cad_1842": null, "num_cad_mod": null, "acces": "Terrain privé", "existant_etat": "en état", "groupe_id": 1, "legendes": null, "usages": null, "nom-explication": null }, "geometry": { "type": "Point", "coordinates": [ 102807.808093790183193, 6847923.036384581588209 ] } },
{ "type": "Feature", "properties": { "fid": 2, "type": "lavoir_fontaine", "source": "Poull Ha Feunteun", "nom": "Fontaine et lavoir de Stang Pen Ar Lan ", "precision_geom": "affinée", "statut": "existant", "src_p1910": true, "description": "Fontaine visible en contrebas de la route, lavoir détruit ou très dégradé (ou plus éloigné de la route ?).", "alt-name": null, "src_c1842": true, "commentaire_st": "La fontaine est matérialisée sur le plan parcellaire de 1842. Elle se trouve dans l'emprise de la route, en dehors des parcelles. Des doués (?) se trouvent légèrement plus à l'est, dans l'axe du ru qui vient du lavoir de Penn Ar Lann mais le plan est déchiré, la description de la zone à cette date est partielle. Le lavoir se devine sur les photographies aériennes de 1962.", "bzh-nom": null, "num_cad_1842": null, "num_cad_mod": null, "acces": "Libre", "existant_etat": "dégradé", "groupe_id": null, "legendes": null, "usages": null, "nom-explication": null }, "geometry": { "type": "Point", "coordinates": [ 105622.579529914321029, 6848033.531675639562309 ] } },
{ "type": "Feature", "properties": { "fid": 3, "type": "lavoir_fontaine", "source": "Poull Ha Feunteun", "nom": "Lavoir de Stang ar Stiff", "precision_geom": "affinée", "statut": "existant", "src_p1910": true, "description": "Le lavoir se trouve dans une saulaie.", "alt-name": null, "src_c1842": true, "commentaire_st": "Un lavoir (ou doué) ainsi qu'une fontaine sont représentés sur le plan parcellaire de 1842 mais n'est pas mentionné dans l'état de section associé. Le lavoir est indiqué comme tel sur le plan de 1910. Le lavoir n'est pas clairement visible sur les photographies aériennes.", "bzh-nom": null, "num_cad_1842": "J721", "num_cad_mod": null, "acces": "Libre", "existant_etat": "en état", "groupe_id": null, "legendes": null, "usages": null, "nom-explication": null }, "geometry": { "type": "Point", "coordinates": [ 105153.530241071115597, 6849231.711520030163229 ] } },
{ "type": "Feature", "properties": { "fid": 4, "type": "fontaine", "source": "Poull Ha Feunteun", "nom": "Fontaine Saint-Gildas", "precision_geom": "exacte", "statut": "existant", "src_p1910": true, "description": "La fontaine est devancée d'une \"auge\" de pierre qui serait la barque dans laquelle St-Gildas a traversé la Manche. Une petite statue récente de St-Gildas se trouve dans le lavoir.", "alt-name": "Fontaine de Notre-Dame-de-Bon-Voyage", "src_c1842": true, "commentaire_st": null, "bzh-nom": "Feunteun Sant-Weltaz", "num_cad_1842": null, "num_cad_mod": null, "acces": "Libre", "existant_etat": "entretenu", "groupe_id": null, "legendes": null, "usages": null, "nom-explication": null }, "geometry": { "type": "Point", "coordinates": [ 100136.863186256188783, 6848052.747496768832207 ] } },
{ "type": "Feature", "properties": { "fid": 5, "type": "fontaine", "source": "Poull Ha Feunteun", "nom": "Fontaine de Poull Féas", "precision_geom": "exacte", "statut": "existant", "src_p1910": false, "description": null, "alt-name": null, "src_c1842": true, "commentaire_st": null, "bzh-nom": null, "num_cad_1842": null, "num_cad_mod": null, "acces": "Libre", "existant_etat": "entretenu", "groupe_id": null, "legendes": null, "usages": null, "nom-explication": null }, "geometry": { "type": "Point", "coordinates": [ 101805.160415044723777, 6848430.414239527657628 ] } },
{ "type": "Feature", "properties": { "fid": 6, "type": "lavoir", "source": "Poull Ha Feunteun", "nom": "Poull ar C'hrakou", "precision_geom": "affinée", "statut": "à déterminer, détruit ?", "src_p1910": true, "description": "Le lavoir semble enseveli sous la terre ou disparu. Il pourrait avoir été détruit lors de l'installation de conduites pour draîner l'eau du valon du Stankou vers la grève.", "alt-name": "Lavoir \"des pauvres\", Lavoir du Stankou (bas)", "src_c1842": true, "commentaire_st": "Dans le cadastre de 1842, un ensemble de parcelles décrites comme des \"douets\" sont indiquées à l'emplacement du lavoir.", "bzh-nom": "Poull Ar C'hrakou", "num_cad_1842": "A1445, A1447-A1453, A1455", "num_cad_mod": null, "acces": "Libre", "existant_etat": null, "groupe_id": null, "legendes": null, "usages": null, "nom-explication": "Le nom a été inventorié par Mikael Madeg et Per Pondaven dans leur ouvrage sur la toponymie littorale d'Ouessant (1999). Il indique un lavoir dédié aux \"pauvres\"." }, "geometry": { "type": "Point", "coordinates": [ 99858.353330559373717, 6848407.087115647271276 ] } },
{ "type": "Feature", "properties": { "fid": 7, "type": "lavoir", "source": "Poull Ha Feunteun", "nom": "Lavoir d'ar Yourn (?)", "precision_geom": "affinée", "statut": "existant", "src_p1910": true, "description": "", "alt-name": null, "src_c1842": false, "commentaire_st": "Position à affiner", "bzh-nom": null, "num_cad_1842": null, "num_cad_mod": null, "acces": null, "existant_etat": null, "groupe_id": null, "legendes": null, "usages": null, "nom-explication": null }, "geometry": { "type": "Point", "coordinates": [ 100813.877252110643894, 6848208.955286223441362 ] } },
{ "type": "Feature", "properties": { "fid": 8, "type": "lavoir_fontaine", "source": "Poull Ha Feunteun", "nom": "Lavoir de Kernevez", "precision_geom": "exacte", "statut": "existant", "src_p1910": true, "description": "Ensemble composé d'un lavoir et d'une fontaine, très enfriché en 2026. La fontaine tourne le dos au lavoir (comme au Croazou).", "alt-name": "Lavoir de Mez Poul Malgorn", "src_c1842": false, "commentaire_st": "Il n'y a pas de trace du lavoir ou de la fontaine sur le plan cadastral de 1842. Un figuré indique une source/fontaine/lavoir sur le plan de 1910. Le lavoir est visible sur les photographies aériennes de années 1960.", "bzh-nom": null, "num_cad_1842": null, "num_cad_mod": null, "acces": null, "existant_etat": "dégradé", "groupe_id": null, "legendes": null, "usages": null, "nom-explication": "\"Kernevez\" est le nom du hameau voisin. \"Mez Poul Malgorn\" est le nom du groupe de parcelles dans le cadastre de 1842." }, "geometry": { "type": "Point", "coordinates": [ 101804.302547596933437, 6848951.436345241963863 ] } },
{ "type": "Feature", "properties": { "fid": 9, "type": "lavoir", "source": "Poull Ha Feunteun", "nom": "Lavoir du Niou", "precision_geom": "affinée", "statut": "à déterminer", "src_p1910": true, "description": null, "alt-name": null, "src_c1842": false, "commentaire_st": "Pas clairement visible sur les photos aériennes. Indiqué par un symbole sur le plan de 1910.", "bzh-nom": null, "num_cad_1842": null, "num_cad_mod": null, "acces": null, "existant_etat": null, "groupe_id": null, "legendes": null, "usages": null, "nom-explication": null }, "geometry": { "type": "Point", "coordinates": [ 101603.613329237879952, 6848892.122548164799809 ] } },
{ "type": "Feature", "properties": { "fid": 10, "type": "lavoir", "source": "Poull Ha Feunteun", "nom": "Lavoir de Prat Doulou (?)", "precision_geom": "exacte", "statut": "existant", "src_p1910": false, "description": null, "alt-name": null, "src_c1842": false, "commentaire_st": "A priori envahi par la végétation mais existant", "bzh-nom": null, "num_cad_1842": null, "num_cad_mod": null, "acces": "Libre, bord de route", "existant_etat": "dégradé", "groupe_id": null, "legendes": null, "usages": null, "nom-explication": null }, "geometry": { "type": "Point", "coordinates": [ 102255.463702210734482, 6848707.790623732842505 ] } },
{ "type": "Feature", "properties": { "fid": 11, "type": "lavoir", "source": "Poull Ha Feunteun", "nom": "Lavoir de Poull Du", "precision_geom": "exacte", "statut": "existant", "src_p1910": true, "description": null, "alt-name": "Lavoir de Poull Dragas", "src_c1842": false, "commentaire_st": "Aucun espace en eau représenté sur le plan parcellaire de 1842 (ni de mention de l'état de section. Le lavoir est représenté sur le plan de 1910. Il est visible sur photos aériennes récentes", "bzh-nom": null, "num_cad_1842": null, "num_cad_mod": null, "acces": "Libre", "existant_etat": "en état", "groupe_id": null, "legendes": null, "usages": null, "nom-explication": null }, "geometry": { "type": "Point", "coordinates": [ 102384.404495972834411, 6849252.207469026558101 ] } },
{ "type": "Feature", "properties": { "fid": 12, "type": "lavoir", "source": "Poull Ha Feunteun", "nom": "Lavoir de Pennorz", "precision_geom": "exacte", "statut": "existant", "src_p1910": true, "description": null, "alt-name": "Lavoir de Prat Ligochen (?)", "src_c1842": false, "commentaire_st": "Visible sur photos aériennes 1950-1965 et 1965-1980.", "bzh-nom": null, "num_cad_1842": null, "num_cad_mod": null, "acces": null, "existant_etat": "dégradé", "groupe_id": null, "legendes": null, "usages": null, "nom-explication": null }, "geometry": { "type": "Point", "coordinates": [ 102873.749475126518519, 6848600.201334000565112 ] } },
{ "type": "Feature", "properties": { "fid": 13, "type": "lavoir_fontaine", "source": "Poull Ha Feunteun", "nom": "Lavoir de Stang Ar Glan", "precision_geom": "très imprécise (10ènes de mètres)", "statut": "à déterminer, détruit ?", "src_p1910": true, "description": null, "alt-name": null, "src_c1842": false, "commentaire_st": "Position très imprécise, pourrait correspondre à un lavoir indiqué sur le plan de 1910 situé dans la zone d'un ru comblé au cours du 20ème siècle (entre le camping et les casernes). Le plan de 1910 figure une fontaine et un lavoir à cet endroit.", "bzh-nom": null, "num_cad_1842": null, "num_cad_mod": null, "acces": null, "existant_etat": null, "groupe_id": null, "legendes": null, "usages": null, "nom-explication": null }, "geometry": { "type": "Point", "coordinates": [ 102906.428406914201332, 6848229.709663730114698 ] } },
{ "type": "Feature", "properties": { "fid": 14, "type": "lavoir", "source": "Poull Ha Feunteun", "nom": "Lavoir de Kernnonen - Liorzou St Annaic", "precision_geom": "exacte", "statut": "existant", "src_p1910": false, "description": "Des traces du lavoir sont encore visibles. Il est inondé et recouvert de végétation.", "alt-name": "", "src_c1842": true, "commentaire_st": "Deux pièces d'eau adjacentes sont visibles sur le plan parcellaire de 1842. Le lavoir actuel correspond à la mare la plus à l'ouest. Le lavoir est nettement visible sur les photographies aériennes de 1962.", "bzh-nom": null, "num_cad_1842": null, "num_cad_mod": null, "acces": null, "existant_etat": "dégradé", "groupe_id": null, "legendes": null, "usages": null, "nom-explication": null }, "geometry": { "type": "Point", "coordinates": [ 103596.688357393111801, 6848567.892418867908418 ] } },
{ "type": "Feature", "properties": { "fid": 15, "type": "lavoir", "source": "Poull Ha Feunteun", "nom": "Lavoir du Kernic", "precision_geom": "exacte", "statut": "existant", "src_p1910": true, "description": "", "alt-name": "Lavoir de Prad Kernic", "src_c1842": true, "commentaire_st": "Les parcelles F890 à F893 sont représentées en eau sur le plan parcellaire de 1842. Dans l'état de section associé, elles sont décrites comme des \"marres\". Le lavoir est indiqué sur le plan de 1910. Le lavoir est bien visible sur les photos aériennes de 1950-1965 et de 1965-1980.", "bzh-nom": null, "num_cad_1842": "F890-F893", "num_cad_mod": null, "acces": "Traversée de terrains privés ?", "existant_etat": null, "groupe_id": null, "legendes": null, "usages": null, "nom-explication": null }, "geometry": { "type": "Point", "coordinates": [ 103414.517624740692554, 6849349.6920972969383 ] } },
{ "type": "Feature", "properties": { "fid": 16, "type": "lavoir", "source": "Poull Ha Feunteun", "nom": "Lavoir de Lan Parcou Zini (?)", "precision_geom": "affinée", "statut": "à déterminer, détruit ?", "src_p1910": false, "description": "Ce lavoir est situé au nord de la piste de l'aérodrôme. Il semble avoir été dégradé ou détruit lors de l'élargissement de la piste.", "alt-name": "Lavoir de Kerlaouen (?)", "src_c1842": true, "commentaire_st": "Une pièce d'eau est visible dans ce secteur sur le plan parcellaire de 1842. La nature de cette pièce d'eau n'est pas précisée dans l'état de section. Il n'y a pas de lavoir représenté sur le plan de 1910. Le lavoir est nettement visible sur les photographies aériennes de 1963. Des vérifications sur le terrain sont nécessaires pour en savoir plus.", "bzh-nom": null, "num_cad_1842": "P1722", "num_cad_mod": null, "acces": null, "existant_etat": null, "groupe_id": null, "legendes": null, "usages": null, "nom-explication": null }, "geometry": { "type": "Point", "coordinates": [ 104866.465525062769302, 6848576.89349480625242 ] } },
{ "type": "Feature", "properties": { "fid": 17, "type": "lavoir", "source": "Poull Ha Feunteun", "nom": "Poull Ar Wern", "precision_geom": "affinée", "statut": "existant", "src_p1910": true, "description": "Lavoir maçonné situé dans une roselière. ", "alt-name": "Lavoir \"des riches\", Lavoir du Stankou (haut)", "src_c1842": true, "commentaire_st": "Dans l'état de section du cadastre de 1842, les parcelles A1433 à A1440 sont décrites comme des doués. Le nom donné à l'ensemble des parcelles est \"Poull ar fernn\" (ou ferm) qui rejoint le nom à \"Poull ar Wern\" dans l'ouvrage de toponymie de Madeg et Pondaven.", "bzh-nom": "Poull Ar Wern", "num_cad_1842": "A1433 à A1440", "num_cad_mod": null, "acces": "Libre", "existant_etat": "dégradé", "groupe_id": null, "legendes": null, "usages": null, "nom-explication": "Le nom a été inventorié par Mikael Madeg et Per Pondaven dans leur ouvrage sur la toponymie littorale d'Ouessant (1999). Il indique un lavoir dédié aux \"riches\"." }, "geometry": { "type": "Point", "coordinates": [ 99934.038944679748965, 6848318.561164759099483 ] } },
{ "type": "Feature", "properties": { "fid": 18, "type": "lavoir_fontaine", "source": "Poull Ha Feunteun", "nom": "Lavoir et fontaine de Keridreux", "precision_geom": "exacte", "statut": "existant", "src_p1910": true, "description": "Ensemble composé d'un lavoir et d'une fontaine. En 2025, le lavoir est très enfriché, la fontaine reste à localiser précisément.", "alt-name": null, "src_c1842": true, "commentaire_st": "Le plan parcellaire de 1842 fait figurer une petite étendue d'eau. Le plan de 1910 représente une fontaine.", "bzh-nom": null, "num_cad_1842": null, "num_cad_mod": null, "acces": "Libre", "existant_etat": "dégradé", "groupe_id": null, "legendes": null, "usages": "Le lavoir et la fontaine figurent dans un film documentaire de Charles de Mestre (1952-1953) qui llustre son utilisation par une habitante (lien dans la gallerie d'images).", "nom-explication": null }, "geometry": { "type": "Point", "coordinates": [ 100332.521286397750373, 6848384.132907690480351 ] } },
{ "type": "Feature", "properties": { "fid": 19, "type": "lavoir_fontaine", "source": "Poull Ha Feunteun", "nom": "Lavoir et fontaine de Porz Guéguen", "precision_geom": "exacte", "statut": "existant", "src_p1910": true, "description": "La fontaine est directement connectée au lavoir. Une petite statue de Sainte Anne se trouve dans la fontaine.", "alt-name": null, "src_c1842": false, "commentaire_st": "Un élément indiqué comme étant une \"Source\" sur le plan de 1910. Dans la thèse de T. Chiron, il est indiqué que la construction du lavoir de Porz Guéguen a été décidée en 1932 (information issue de délibération du Conseil municipal de cette même année). Le lavoir et la fontaine avaient fait l'objet d'un entretien régulier par l'association Poull Ha Feuteun.", "bzh-nom": null, "num_cad_1842": null, "num_cad_mod": null, "acces": "Libre", "existant_etat": "en état", "groupe_id": null, "legendes": null, "usages": null, "nom-explication": null }, "geometry": { "type": "Point", "coordinates": [ 100706.703210661551566, 6848716.451379648409784 ] } },
{ "type": "Feature", "properties": { "fid": 20, "type": "lavoir_fontaine", "source": "Poull Ha Feunteun", "nom": "Lavoir du Niou Huella", "precision_geom": "exacte", "statut": "existant", "src_p1910": true, "description": null, "alt-name": null, "src_c1842": true, "commentaire_st": "Clairement visible sur photos aériennes 1950-1965 et 1965-1980", "bzh-nom": null, "num_cad_1842": null, "num_cad_mod": null, "acces": "Libre", "existant_etat": "en état", "groupe_id": null, "legendes": null, "usages": null, "nom-explication": null }, "geometry": { "type": "Point", "coordinates": [ 101518.618583570685587, 6848711.642429291270673 ] } },
{ "type": "Feature", "properties": { "fid": 21, "type": "lavoir", "source": "Poull Ha Feunteun", "nom": "Lavoir de Picard", "precision_geom": "exacte", "statut": "existant", "src_p1910": true, "description": null, "alt-name": null, "src_c1842": true, "commentaire_st": "Le plan parcellaire cadastral représenté 3 doués, qui sont mentionnés dans l'état de section associé. La lavoir est indiqué comme tel sur le plan de 1910. Il est clairement visible sur les photos aériennes anciennes et actuelles. Une fontaine est mentionnée sur la carte de Poull Ha Feuteun mais n'a pas été retrouvée (F. Berthelé, 2026).", "bzh-nom": null, "num_cad_1842": "C1622-C1625", "num_cad_mod": null, "acces": "Libre", "existant_etat": "entretenu", "groupe_id": null, "legendes": null, "usages": null, "nom-explication": null }, "geometry": { "type": "Point", "coordinates": [ 101938.504656775374315, 6848783.246217216365039 ] } },
{ "type": "Feature", "properties": { "fid": 22, "type": "lavoir_fontaine", "source": "Poull Ha Feunteun", "nom": "Lavoir de Poull Jiliou", "precision_geom": "exacte", "statut": "existant", "src_p1910": true, "description": "Ensemble composé d'un lavoir et d'une fontaine. Les margelles sont maçonnées et le lavoir est entouré d'un enclos. En 2026, il est entretenu.", "alt-name": null, "src_c1842": false, "commentaire_st": "Il n'y a pas de zone en eau visible sur le plan parcellaire de 1842. Cependant, l'état de section associé mentionne clairement un \"douet\" dans cette parcelle. La parcelle C748bis et ses voisines portent le nom de \"Quichen ar Feuteun\" dans l'état de section. Le lavoir est indiqué sur le plan de 1910 sous la dénomination \"Source et Lavoir\". Il est visible sur les photos aériennes anciennes et actuelles.", "bzh-nom": null, "num_cad_1842": "C748bis", "num_cad_mod": null, "acces": "Libre", "existant_etat": "entretenu", "groupe_id": null, "legendes": null, "usages": null, "nom-explication": "Le lavoir est nommé \"Poull Jiliou\" par les anciens du quartier." }, "geometry": { "type": "Point", "coordinates": [ 102263.303853526085732, 6849324.415919569320977 ] } },
{ "type": "Feature", "properties": { "fid": 23, "type": "lavoir_fontaine", "source": "Poull Ha Feunteun", "nom": "Lavoir de Kerzoncou - Prat Melchen", "precision_geom": "affinée", "statut": "existant", "src_p1910": true, "description": null, "alt-name": null, "src_c1842": true, "commentaire_st": "Un espace en eau ainsi qu'un petit carré bleu figurant une fontaine (ou une source) sont représentés sur le plan parcellaire de 1842. Ils ne sont pas évoqués dans l'état de section associé. Le lavoir est clairement visible sur photos aériennes anciennes et actuelles, mais disparait progressivement sous la végétation.", "bzh-nom": null, "num_cad_1842": "F1012-F1014", "num_cad_mod": null, "acces": null, "existant_etat": "dégradé", "groupe_id": null, "legendes": null, "usages": null, "nom-explication": null }, "geometry": { "type": "Point", "coordinates": [ 103124.39956104104931, 6849533.71347311232239 ] } },
{ "type": "Feature", "properties": { "fid": 24, "type": "lavoir_fontaine", "source": "Poull Ha Feunteun", "nom": "Fontaine et lavoir de Bougue Feunteun", "precision_geom": "affinée", "statut": "existant", "src_p1910": true, "description": "Ensemble composé d'une source et d'un lavoir.", "alt-name": "", "src_c1842": true, "commentaire_st": "Le plan parcellaire de 1842 fait figurer une fontaine (ou source) et ce qui semble être un doué, qui ne sont pas évoqués dans l'état de section. Le plan de 1910 représente une fontaine (ou source) et un lavoir. Le lavoir est bien visible sur les photos aériennes anciennes (vers 1960 notamment) et récentes.", "bzh-nom": null, "num_cad_1842": "G1459", "num_cad_mod": null, "acces": "Libre", "existant_etat": null, "groupe_id": null, "legendes": null, "usages": null, "nom-explication": "Le nom \"Bougue Feuteun\" est issu de l'ouvrage de Madeg et Pondaven sur la toponymie maritime d'Ouessant (2004)." }, "geometry": { "type": "Point", "coordinates": [ 103568.781088119925698, 6849626.826608709990978 ] } },
{ "type": "Feature", "properties": { "fid": 25, "type": "lavoir_fontaine", "source": "Poull Ha Feunteun", "nom": null, "precision_geom": "très imprécise (10ènes de mètres)", "statut": "à déterminer", "src_p1910": false, "description": null, "alt-name": null, "src_c1842": false, "commentaire_st": "Recalé avec le modèle numérique de terrain sur lequel figure un creux très localisé. A vérifier. ", "bzh-nom": null, "num_cad_1842": null, "num_cad_mod": null, "acces": null, "existant_etat": null, "groupe_id": null, "legendes": null, "usages": null, "nom-explication": null }, "geometry": { "type": "Point", "coordinates": [ 104574.56, 6850030.96 ] } },
{ "type": "Feature", "properties": { "fid": 26, "type": "lavoir", "source": "Poull Ha Feunteun", "nom": "Lavoir Kadoran", "precision_geom": "exacte", "statut": "existant", "src_p1910": false, "description": null, "alt-name": "Lavoir de Stang ar Milin", "src_c1842": true, "commentaire_st": "Clairement visible sur photos aériennes 1965-1980.", "bzh-nom": null, "num_cad_1842": null, "num_cad_mod": null, "acces": null, "existant_etat": "entretenu", "groupe_id": null, "legendes": null, "usages": null, "nom-explication": null }, "geometry": { "type": "Point", "coordinates": [ 104686.529617019637953, 6850236.381714851595461 ] } },
{ "type": "Feature", "properties": { "fid": 27, "type": "lavoir_fontaine", "source": "Poull Ha Feunteun", "nom": "Lavoir et fontaine du Stiff", "precision_geom": "exacte", "statut": "existant", "src_p1910": true, "description": "Ensemble composé d'un lavoir et d'une fontaine, bien entretenu.", "alt-name": null, "src_c1842": true, "commentaire_st": "Deux rectangles bleus sont visibles à l'emplacement actuel du lavoir sur le plan parcellaire de 1842. La nature n'est pas précisée dans l'état de section. Le lieu-dit dans le cadastre de 1842 est \"Mez Feuteun ar Stiff\". Les \"marres\" qui se trouvent en amont du lavoir se trouvent à l'emplacement du stockage de gravats (en 2026). Le lavoir est indiqué comme tel sur le plan de 1910.", "bzh-nom": null, "num_cad_1842": "J750", "num_cad_mod": null, "acces": "Libre, bord de route", "existant_etat": "entretenu", "groupe_id": null, "legendes": null, "usages": null, "nom-explication": null }, "geometry": { "type": "Point", "coordinates": [ 105290.254191259286017, 6849075.668701970018446 ] } },
{ "type": "Feature", "properties": { "fid": 28, "type": "lavoir_fontaine", "source": "Poull Ha Feunteun", "nom": "Lavoir et fontaine de Pen ar Lann", "precision_geom": "exacte", "statut": "existant", "src_p1910": true, "description": null, "alt-name": null, "src_c1842": true, "commentaire_st": "Le lavoir et la fontaine sont représentés et nommés (\"Lavoir et fontaine\") sur le plan parcellaire cadastral de 1842. Le nom donné pour les deux parcelles est \"Trinquis ar feuteun\". Le plan de 1910 mentionne explicitement un lavoir.", "bzh-nom": null, "num_cad_1842": "J3098-J3099", "num_cad_mod": null, "acces": "Libre, bord de route", "existant_etat": "entretenu", "groupe_id": null, "legendes": null, "usages": null, "nom-explication": null }, "geometry": { "type": "Point", "coordinates": [ 105586.454928772247513, 6848266.329186135903001 ] } },
{ "type": "Feature", "properties": { "fid": 29, "type": "lavoir_fontaine", "source": "Poull Ha Feunteun", "nom": "Lavoir et fontaine de Poull Bojer", "precision_geom": "exacte", "statut": "existant", "src_p1910": false, "description": "", "alt-name": null, "src_c1842": true, "commentaire_st": "Le lavoir et la fontaine figurent sur le plan parcellaire de 1842. Ils ne sont pas représentés sur le plan de 1910.", "bzh-nom": null, "num_cad_1842": null, "num_cad_mod": null, "acces": "Libre, bord de route", "existant_etat": "en état", "groupe_id": null, "legendes": null, "usages": null, "nom-explication": null }, "geometry": { "type": "Point", "coordinates": [ 105034.662756798556075, 6847946.879683120176196 ] } },
{ "type": "Feature", "properties": { "fid": 30, "type": "lavoir_fontaine", "source": "Poull Ha Feunteun", "nom": "Lavoir de Keryégu", "precision_geom": "exacte", "statut": "existant", "src_p1910": true, "description": "Lavoir situé en contrebas de la chapelle de Kerber, vers le Sud, sur le chemin de traverse vers Keryégu", "alt-name": "Lavoir de Kerjégu, Lavoir du Cléguer", "src_c1842": true, "commentaire_st": "Une fontaine et une sucession de petits \"doués\" (?) figurent sur le plan parcellaire de 1842. L'état de section ne donne pas de détails. Ce point est désigné comme une \"Source\" sur le plan de 1910.", "bzh-nom": null, "num_cad_1842": "O2467", "num_cad_mod": null, "acces": "Libre", "existant_etat": "en état", "groupe_id": null, "legendes": null, "usages": null, "nom-explication": null }, "geometry": { "type": "Point", "coordinates": [ 104487.650482307231869, 6847960.337601773440838 ] } },
{ "type": "Feature", "properties": { "fid": 31, "type": "lavoir_fontaine", "source": "Poull Ha Feunteun", "nom": "Lavoir de Zourn", "precision_geom": "affinée", "statut": "existant", "src_p1910": true, "description": "", "alt-name": "Lavoir de Sourn", "src_c1842": true, "commentaire_st": "Un doué/lavoir est représenté sur le plan parcellaire de 1842.", "bzh-nom": null, "num_cad_1842": null, "num_cad_mod": null, "acces": "Libre", "existant_etat": null, "groupe_id": null, "legendes": null, "usages": "D'après Moigne (1986), la ficaire était particulièrement abondante à proximité de la fontaine de Zourn. Ces racines étaient \"utilisées en tisane dans les inflammations des voies\nurinaires\".", "nom-explication": null }, "geometry": { "type": "Point", "coordinates": [ 103913.138780219567707, 6847837.527386999689043 ] } },
{ "type": "Feature", "properties": { "fid": 32, "type": "lavoir_fontaine", "source": "Poull Ha Feunteun", "nom": "Lavoir de Kerhuel", "precision_geom": "exacte", "statut": "existant", "src_p1910": true, "description": null, "alt-name": null, "src_c1842": false, "commentaire_st": "Le lavoir n'apparait pas dans le cadastre de 1842.", "bzh-nom": null, "num_cad_1842": null, "num_cad_mod": null, "acces": null, "existant_etat": "entretenu", "groupe_id": null, "legendes": null, "usages": null, "nom-explication": null }, "geometry": { "type": "Point", "coordinates": [ 102691.503611826250562, 6847881.941425277851522 ] } },
{ "type": "Feature", "properties": { "fid": 33, "type": "lavoir_fontaine", "source": "Poull Ha Feunteun", "nom": "Lavoir et fontaine de Lann ar C'hrac'h", "precision_geom": "exacte", "statut": "existant", "src_p1910": false, "description": null, "alt-name": "Lavoir et fontaine de Lann ar Créac'h", "src_c1842": false, "commentaire_st": "Le lavoir n'est pas représenté sur le plan parcellaire mais l'état de section décrit les parcelles comme étant de nature \"Pâture et fontaine\" (D2537) et \"Douet\" (D2538,2539 et 2540). Il n'est pas représenté sur le plan de 1910.", "bzh-nom": null, "num_cad_1842": "D2537-D2540", "num_cad_mod": null, "acces": null, "existant_etat": null, "groupe_id": null, "legendes": null, "usages": null, "nom-explication": null }, "geometry": { "type": "Point", "coordinates": [ 103002.754725163962576, 6847671.825542666949332 ] } },
{ "type": "Feature", "properties": { "fid": 34, "type": "lavoir_fontaine", "source": "Poull Ha Feunteun", "nom": "Lavoir et fontaine de Porz Gwenn", "precision_geom": "exacte", "statut": "existant", "src_p1910": true, "description": "Le lavoir a longtemps été entretenu par l'association Poull Ha Feuteun. L'accès n'est plus possible depuis 2014-2015. En 2025, le lavoir était très enfriché.", "alt-name": null, "src_c1842": true, "commentaire_st": "Le lavoir et la fontaine sont représentés sur le plan parcellaire de 1842. Le lavoir est représenté sur le plan de 1910. La lavoir est visible sur les photographies aériennes, notamment des années 1960.", "bzh-nom": null, "num_cad_1842": null, "num_cad_mod": null, "acces": "Terrain privé", "existant_etat": "dégradé", "groupe_id": null, "legendes": null, "usages": null, "nom-explication": null }, "geometry": { "type": "Point", "coordinates": [ 103397.927746199711692, 6847702.004376050084829 ] } },
{ "type": "Feature", "properties": { "fid": 35, "type": "lavoir_fontaine", "source": "Poull Ha Feunteun", "nom": "Fontaine et lavoir de Poull Koz", "precision_geom": "exacte", "statut": "existant", "src_p1910": true, "description": null, "alt-name": "Lavoir de Poul Coz", "src_c1842": true, "commentaire_st": "A ne pas confondre avec le lavoir de Poull Koz situé près du Kernic.", "bzh-nom": null, "num_cad_1842": null, "num_cad_mod": null, "acces": null, "existant_etat": null, "groupe_id": null, "legendes": null, "usages": null, "nom-explication": null }, "geometry": { "type": "Point", "coordinates": [ 103546.105665030467208, 6847805.351856370456517 ] } },
{ "type": "Feature", "properties": { "fid": 36, "type": "lavoir_fontaine", "source": "Poull Ha Feunteun", "nom": "Lavoir et fontaines du Prat", "precision_geom": "exacte", "statut": "existant", "src_p1910": true, "description": "Lavoir et 3 fontaines situé sur le placen au dessus de la plage du Prat. Le lavoir est entretenu annuellement.", "alt-name": "Lavoir et fontaines de Feunten Velen, Feunteun Sant Gwenole", "src_c1842": true, "commentaire_st": null, "bzh-nom": "Feunteun Sant Gwenole", "num_cad_1842": null, "num_cad_mod": null, "acces": "Libre", "existant_etat": "entretenu", "groupe_id": null, "legendes": "Dans une autre version du récit de l'arrivée de Saint Pol à Ouessant, le saint aurait débarqué à Porz An Ejen sur la côte Sud de l'île. Il aurait demandé aux habitants d'un hameau voisin l'autorisation de s'abreuver, autorisation refusée par les habitants. Saint-Pol aurait alors maudit la population de la point de Feuteun Velen en la privant d'eau potable. Les trois seules fontaines qui auraient échappé à la malédictions sont les trois fontaines qui surplombent la plage du Prat. (Dantec et Le Scouëzec, 2001)", "usages": null, "nom-explication": "La fontaine associée au lavoir principale fait partie de l'inventaire toponymique de Madeg et Pondaven (2004) sous le nom \"Feunteun Sant Gwenole\". Il y a plusieurs hypothèses quant à la dénomination \"Feunteun Velen\". Soit il s'agit d'une déformation du mot \"melen\" (jaune en breton) en \"velen\". Soit il s'agirait des fontaines de \"Belen\" devenu \"velen\" du fait de la mutation bretonne qui substitue le \"b\" en \"v\" (Dantec et\nLe Scouëzec, 2001). " }, "geometry": { "type": "Point", "coordinates": [ 102166.60882171371486, 6846765.415153139270842 ] } },
{ "type": "Feature", "properties": { "fid": 37, "type": "lavoir_fontaine", "source": "Poull Ha Feunteun", "nom": "Fontaine et lavoir de Porz Noan", "precision_geom": "affinée", "statut": "existant", "src_p1910": true, "description": null, "alt-name": null, "src_c1842": false, "commentaire_st": "Le lavoir et la fontaine sont représentés sur le plan de 1910. Ils sont également visibles sur des photographies aériennes obliques des années 1950-1960. Le lavoir pourrait avoir été détruit lors de l'extension de l'hôtel du Roc'h ar Mor (à confirmer).", "bzh-nom": null, "num_cad_1842": null, "num_cad_mod": null, "acces": "Terrain privé", "existant_etat": null, "groupe_id": null, "legendes": null, "usages": null, "nom-explication": null }, "geometry": { "type": "Point", "coordinates": [ 102289.749322992007365, 6848084.636073423549533 ] } },
{ "type": "Feature", "properties": { "fid": 38, "type": "lavoir_fontaine", "source": "Poull Ha Feunteun", "nom": "Lavoir et fontaine du port", "precision_geom": "exacte", "statut": "existant", "src_p1910": true, "description": "La fontaine se trouve au pied de la \"falaise\".", "alt-name": "Fontaine Saint-Pol (fontaine)", "src_c1842": false, "commentaire_st": "Le lavoir et la fontaine sont représentés sur le plan de 1910.", "bzh-nom": null, "num_cad_1842": null, "num_cad_mod": null, "acces": "Libre, bord de route", "existant_etat": "en état", "groupe_id": null, "legendes": "L'emplacement de la fontaine, au fond de l'aber, est l'un des lieux présumés de l'arrivée de St Pol Aurélien à Ouessant.", "usages": "La fontaine a longtemps fait l'objet d'un pélerinage le 12 mars, jour de la fête de Saint Pol. Les pélerins buvaient l'eau de la fontaine, à laquelle on prêtait des vertues médicinales à l'eau. Certains pélerins se mouillaient le cou et trempaient leurs manches dans l'eau dans l'espoir de se protéger de maladies (Guen 1994).", "nom-explication": null }, "geometry": { "type": "Point", "coordinates": [ 102466.35427399915352, 6847936.4696263987571 ] } },
{ "type": "Feature", "properties": { "fid": 39, "type": "lavoir_fontaine", "source": "Poull Ha Feunteun, JY Tual", "nom": "Lavoir de Kermeïn", "precision_geom": "exacte", "statut": "détruit", "src_p1910": false, "description": "2 citernes étaient (sont ?) situées à proximité. Une pompe permettait de récupérer de l'eau. (JY Tual)", "alt-name": null, "src_c1842": false, "commentaire_st": "Visible sur photo aérienne 1965-1980", "bzh-nom": null, "num_cad_1842": null, "num_cad_mod": null, "acces": null, "existant_etat": null, "groupe_id": null, "legendes": null, "usages": null, "nom-explication": null }, "geometry": { "type": "Point", "coordinates": [ 103010.066129140817793, 6847990.219757591374218 ] } },
{ "type": "Feature", "properties": { "fid": 40, "type": "lavoir", "source": "Cadastre 1842", "nom": "Lavoir de Kernonnen - Ar Poul", "precision_geom": "exacte", "statut": "existant", "src_p1910": false, "description": null, "alt-name": "", "src_c1842": true, "commentaire_st": "Une pièce d'eau est visible sur le plan parcellaire de 1842. L'état de section le décrit comme étant un \"routoir\". Le nom de la parcelle dans le cadastre est \"Ar Poul\". Le lavoir est visible sur les photographies aériennes de 1962.", "bzh-nom": null, "num_cad_1842": "Q138", "num_cad_mod": null, "acces": null, "existant_etat": "dégradé", "groupe_id": null, "legendes": null, "usages": null, "nom-explication": null }, "geometry": { "type": "Point", "coordinates": [ 103730.434555364176049, 6848609.114735616371036 ] } },
{ "type": "Feature", "properties": { "fid": 41, "type": "lavoir", "source": "Poull Ha Feunteun", "nom": "Lavoir de Poull Brag", "precision_geom": "exacte", "statut": "existant", "src_p1910": false, "description": null, "alt-name": "Lavoir de Poulbrac", "src_c1842": false, "commentaire_st": "Le plan parcellaire de 1842 ne représente ni lavoir ni fontaine. Dans le registre d'état de section, l'ensemble formé par les parcelles E1059 à E1061 se nomme \"Tal ar Feunteun\", se qui peut indiquer que la fontaine existait déjà à cette date. La nature des parcelles est \"Pâture\" (il semble ni avoir ni douet ni mare à cette date).", "bzh-nom": null, "num_cad_1842": "E1061", "num_cad_mod": null, "acces": "Terrain privé", "existant_etat": "entretenu", "groupe_id": 2, "legendes": null, "usages": null, "nom-explication": null }, "geometry": { "type": "Point", "coordinates": [ 102663.061775884838426, 6848447.432110803201795 ] } },
{ "type": "Feature", "properties": { "fid": 42, "type": "lavoir_fontaine", "source": "Poull Ha Feunteun", "nom": "Lavoir de Kermeïn #2 (Liors ar Prat)", "precision_geom": "affinée", "statut": "existant", "src_p1910": true, "description": "Il s'agit d'un ensemble lavoir-fontaine très en friche et dégradé. La fontaine est encore visible sous la végétation. Le lavoir est difficilement visible, rempli de gravats, et nécessiterait d'importants travaux de nettoyage et de restauration.", "alt-name": "Lavoir de Pount Kam (?)", "src_c1842": true, "commentaire_st": "Potentiellement visible sur photo aérienne 1950-1965 mais à confirmer sur le terrain. Le cadastre de 1842 représente une zone en eau qui prend sa source immédiatement à proximité. Peut-être deux lavoirs/doués/marres côte à côte (deuxième quelques mètres vers l'est)", "bzh-nom": null, "num_cad_1842": "Q1989,Q2075,Q2076", "num_cad_mod": null, "acces": "Libre", "existant_etat": "en ruines", "groupe_id": null, "legendes": null, "usages": null, "nom-explication": null }, "geometry": { "type": "Point", "coordinates": [ 103087.921568255871534, 6848209.186021112836897 ] } },
{ "type": "Feature", "properties": { "fid": 43, "type": "lavoir_fontaine", "source": "Poull Ha Feunteun", "nom": "Lavoir et fontaine du Merdy", "precision_geom": "affinée", "statut": "existant", "src_p1910": false, "description": "Le lavoir a été englouti dans la retenue du deuxième barrage. Il semble être visible en cas de très bas niveau de la retenue. (Kowarski, 2025)", "alt-name": null, "src_c1842": true, "commentaire_st": "Une petite pièce d'eau est visible sur le plan parcellaire de 1842. Le lavoir n'est pas représenté sur le plan de 1910. Il est visible sur les photographies aériennes des années 1950-1960 (antérieures à la construction du second barrage en 1976).", "bzh-nom": null, "num_cad_1842": null, "num_cad_mod": null, "acces": null, "existant_etat": "englouti", "groupe_id": null, "legendes": null, "usages": null, "nom-explication": null }, "geometry": { "type": "Point", "coordinates": [ 103576.360653013354749, 6848273.741545171476901 ] } },
{ "type": "Feature", "properties": { "fid": 44, "type": "lavoir_fontaine", "source": "Poull Ha Feunteun", "nom": "Lavoir de Poul Mekanik", "precision_geom": "exacte", "statut": "existant", "src_p1910": true, "description": "Il s'agit d'un lavoir maçonné, abreuvé par deux fontaines encastrées dans le mur qui sépare le terrain de la route.", "alt-name": null, "src_c1842": true, "commentaire_st": "En 1842, la parcelle était une propriété de la fabrique d'Ouessant (paroisse). La parcelle est décrite comme étant une \"Pâture\", bien qu'une zone en eau parfaitement rectangulaire y figure. Le lavoir est référencé sur le plan de 1910 et est parfaitement visible sur photographies aériennes anciennes et actuelles.", "bzh-nom": null, "num_cad_1842": "Q2271", "num_cad_mod": null, "acces": "Terrain privé", "existant_etat": null, "groupe_id": null, "legendes": null, "usages": "Les propriétaires actuels (2026) du terrain et de la maison adjacente indiquent que la parcelle a longtemps été d'usage publique. Un emplacement été prévu pour stationner une (plusieurs ?) charette. Une grande voûte (aujourd'hui invisible) se trouvait au pignon de la maison, qui pourrait indiquer un ancien entrepôt. De très nombreuses bouteilles portant l'étiquette \"Perreau\" ont été retrouvées à proximité. Une hypothèse à confirmer serait que de l'eau était mise en bouteilles à cette endroit. Une telle activité pourrait expliquer le nom (Mekanik). Des cherches supplémentaires sont nécessaires.", "nom-explication": null }, "geometry": { "type": "Point", "coordinates": [ 102713.614910718999454, 6848244.821714199148118 ] } },
{ "type": "Feature", "properties": { "fid": 45, "type": "lavoir_fontaine", "source": "Poull Ha Feunteun", "nom": "Lavoir et fontaine de Pount Salaün", "precision_geom": "exacte", "statut": "existant", "src_p1910": false, "description": null, "alt-name": null, "src_c1842": true, "commentaire_st": "Une pièce d'eau est visible sur le plan parcellaire de 1842. Sa nature n'est pas précisée dans le registre d'état de section (il indique une pâture\") mais le nom de la parcelle est \"Ar Poul\". Le lavoir n'est pas représenté sur le plan de 1910. Il est visible sur les photos aériennes anciennes et actuelles.", "bzh-nom": null, "num_cad_1842": "P1275", "num_cad_mod": null, "acces": "Libre", "existant_etat": "en état", "groupe_id": null, "legendes": null, "usages": null, "nom-explication": null }, "geometry": { "type": "Point", "coordinates": [ 104195.167133116046898, 6848529.260826204903424 ] } },
{ "type": "Feature", "properties": { "fid": 46, "type": "lavoir", "source": "Poull Ha Feunteun", "nom": "Lavoir de Frugullou", "precision_geom": "exacte", "statut": "existant", "src_p1910": true, "description": null, "alt-name": null, "src_c1842": true, "commentaire_st": "Le lavoir et la fontaine actuels se trouvent à l'intersection de deux pièces d'eau visibles sur le plan parcellaire de 1842. Les parcelles associées sont décrites comme étant des mares dans le registre d'état de section. Les des parcelles sont \"Poul ar roue(é)\" (P269-P276) et \"Ar Poul ar Roué\" (P343). Un symbole de source/lavoir/fontaine est visible a cet emplacement sur le plan de 1910. Le lavoir est nettement visible sur les images aériennes de 1950-1960.", "bzh-nom": null, "num_cad_1842": "P269-P276, P343", "num_cad_mod": null, "acces": null, "existant_etat": null, "groupe_id": 3, "legendes": null, "usages": null, "nom-explication": null }, "geometry": { "type": "Point", "coordinates": [ 104135.255105520336656, 6848778.020845869556069 ] } },
{ "type": "Feature", "properties": { "fid": 47, "type": "lavoir_fontaine", "source": "Poull Ha Feunteun", "nom": "Lavoir de Feunteun Ven (?)", "precision_geom": "exacte", "statut": "existant", "src_p1910": true, "description": "Ce lavoir est situé à proximité immédiate de la décheterie. Les abords sont entretenus par le personnel.", "alt-name": "Lavoir de la décheterie", "src_c1842": true, "commentaire_st": "Deux pièces d'eau sont visibles sur le plan parcellaire de 1842. Le lavoir actuel se situe entre ces deux éléments. La nature des pièces d'eau n'est pas précisée dans le registre d'état de section. La toponymie du secteur dans le cadastre de 1842 rappelle la présence d'une fontaine : \"Prat bras feunteun\", \"Liorsou feunteun ven\", \"Prat bian feunteun ven\" ou encore \"Mez feunteun ven\". Un symbole de lavoir figure sur le plan de 1910. Le lavoir est visible sur photos aériennes anciennes et actuelles.", "bzh-nom": null, "num_cad_1842": null, "num_cad_mod": null, "acces": null, "existant_etat": "entretenu", "groupe_id": null, "legendes": null, "usages": null, "nom-explication": null }, "geometry": { "type": "Point", "coordinates": [ 104709.000278535953839, 6848862.724776891060174 ] } },
{ "type": "Feature", "properties": { "fid": 48, "type": "lavoir_fontaine", "source": "Poull Ha Feunteun", "nom": "Lavoir et fontaine de Poull Bridic", "precision_geom": "exacte", "statut": "existant", "src_p1910": true, "description": "Anciennement, il s'agissait d'un ensemble composé d'un lavoir et de trois fontaines qui surplombaient la grève. Les margelles sont encore visibles mais le lavoir est rempli de galets. La fontaine la plus proche du lavoir a disparu récemment, détruite comme le lavoir par des tempêtes vers 2010. Une deuxième fontaine bouchée se trouve en amont ainsi qu'une source (Dantec et Le Scouëzec, 2001). L'emplacement exact de ces deux autres fontaines/sources est à déterminer.", "alt-name": "Poull Brigid (Dantec et Le Scouëzec, 2001)", "src_c1842": true, "commentaire_st": "Un doué/mare/lavoir dont l'eau se déverse dans la grève est visible sur le plan parcellaire de 1842.", "bzh-nom": null, "num_cad_1842": "B808", "num_cad_mod": null, "acces": "Libre", "existant_etat": "en ruines", "groupe_id": null, "legendes": null, "usages": "", "nom-explication": "D'après Dantec et Le Scouëzec (2001), le nom \"Poull Brigid\" rappellerait la déesse des Celtes occidentaux, Brigitte." }, "geometry": { "type": "Point", "coordinates": [ 101148.459367141796974, 6848968.115072038955986 ] } },
{ "type": "Feature", "properties": { "fid": 49, "type": "lavoir en bordure de greve", "source": "Poull Ha Feunteun", "nom": "Lavoir de Pors Kinzy", "precision_geom": "exacte", "statut": "existant", "src_p1910": true, "description": "Petit lavoir maçonné qui servait notamment au nettoyage de la laine. L'eau se déverse dans la grève de Porz Kinzy. Il se trouve immédiatement sur le chemin côtier.", "alt-name": "Lavoir de Pors Guinzy", "src_c1842": true, "commentaire_st": "Plusieurs parcelles en eau sont représentées sur le plan de 1842, elles sont décrites comme étant des \"marres\" dans l'état de section associé. Un figuré sur le plan de 1910 indique également une source ou un espace en eau.", "bzh-nom": null, "num_cad_1842": "F312,313,316,317,320-322", "num_cad_mod": null, "acces": "Libre", "existant_etat": "en état", "groupe_id": null, "legendes": null, "usages": null, "nom-explication": null }, "geometry": { "type": "Point", "coordinates": [ 102692.622166608474799, 6849817.009393707849085 ] } },
{ "type": "Feature", "properties": { "fid": 50, "type": "lavoir en bordure de greve", "source": "Poull Ha Feunteun", "nom": "Lavoir de Bougue Vigne (?)", "precision_geom": "affinée", "statut": "à déterminer", "src_p1910": false, "description": null, "alt-name": null, "src_c1842": true, "commentaire_st": "Sur le plan parcellaire de 1842, la parcelle est intégralement recouverte d'eau. Dans l'état de section, elle est décrite comme étant une \"marre\".", "bzh-nom": null, "num_cad_1842": "G1651", "num_cad_mod": null, "acces": "Libre", "existant_etat": null, "groupe_id": null, "legendes": null, "usages": null, "nom-explication": null }, "geometry": { "type": "Point", "coordinates": [ 103748.549512102035806, 6849633.484205422922969 ] } },
{ "type": "Feature", "properties": { "fid": 51, "type": "lavoir en bordure de greve", "source": "Poull Ha Feunteun", "nom": "Lavoir de bordure de grève du Goubars", "precision_geom": "affinée", "statut": "existant", "src_p1910": false, "description": "Mur maçonné à flan de falaise", "alt-name": null, "src_c1842": false, "commentaire_st": null, "bzh-nom": null, "num_cad_1842": null, "num_cad_mod": null, "acces": "Libre, pente raide et falaise !", "existant_etat": "en état", "groupe_id": null, "legendes": null, "usages": null, "nom-explication": null }, "geometry": { "type": "Point", "coordinates": [ 102449.300712968310108, 6847683.505028546787798 ] } },
{ "type": "Feature", "properties": { "fid": 52, "type": "lavoir en bordure de greve", "source": "Poull Ha Feunteun", "nom": "Lavoir de Kéjou", "precision_geom": "exacte", "statut": "existant", "src_p1910": false, "description": "Lavoir situé en haut de la plage de Kejou, contient souvent des galets et des algues poussés par les vagues.", "alt-name": null, "src_c1842": false, "commentaire_st": null, "bzh-nom": null, "num_cad_1842": null, "num_cad_mod": null, "acces": "Libre", "existant_etat": "dégradé", "groupe_id": null, "legendes": null, "usages": null, "nom-explication": null }, "geometry": { "type": "Point", "coordinates": [ 102677.049955697832047, 6847294.847044196911156 ] } },
{ "type": "Feature", "properties": { "fid": 53, "type": "lavoir en bordure de greve", "source": "Poull Ha Feunteun", "nom": "Lavoir de bordure de grève de Poull An Naroudin", "precision_geom": "approximative", "statut": "à déterminer, détruit ?", "src_p1910": false, "description": null, "alt-name": "Lavoir de bordure de grève de Nerodin", "src_c1842": false, "commentaire_st": "Localisation affinée à l'aide d'un témoignage. A priori détruit", "bzh-nom": null, "num_cad_1842": null, "num_cad_mod": null, "acces": "Libre", "existant_etat": null, "groupe_id": null, "legendes": null, "usages": null, "nom-explication": null }, "geometry": { "type": "Point", "coordinates": [ 102464.37255361766438, 6847094.596840827725828 ] } },
{ "type": "Feature", "properties": { "fid": 54, "type": "lavoir en bordure de greve", "source": "Poull Ha Feunteun", "nom": "Lavoir de Bouge Lagougn", "precision_geom": "affinée", "statut": "existant", "src_p1910": false, "description": "Lavoir de bordure de grève, difficile d'accès (pentu, dans la falaise).", "alt-name": null, "src_c1842": false, "commentaire_st": "Nom en breton issu du livre de Madeg et Pondaven sur la toponymie littorale d'Ouessant.", "bzh-nom": "Poull Bouge Lagougn", "num_cad_1842": null, "num_cad_mod": null, "acces": "Libre, difficile", "existant_etat": "en état", "groupe_id": null, "legendes": null, "usages": null, "nom-explication": null }, "geometry": { "type": "Point", "coordinates": [ 101201.919693971402012, 6847839.389536150731146 ] } },
{ "type": "Feature", "properties": { "fid": 55, "type": "lavoir en bordure de greve", "source": "Poull Ha Feunteun", "nom": "Lavoir de Stang Ar C'héré (?)", "precision_geom": "exacte", "statut": "existant", "src_p1910": false, "description": "Lavoir de bordure de grève situé à proximité d'une roselière. ", "alt-name": "Lavoir de Naot-Poull, Lavoir de Kerc'héré", "src_c1842": false, "commentaire_st": "Lavoir situé en face du \"Taco\".", "bzh-nom": null, "num_cad_1842": null, "num_cad_mod": null, "acces": "Libre", "existant_etat": "en état", "groupe_id": null, "legendes": null, "usages": null, "nom-explication": null }, "geometry": { "type": "Point", "coordinates": [ 101854.604398638257408, 6847965.596416148357093 ] } },
{ "type": "Feature", "properties": { "fid": 56, "type": "lavoir_fontaine", "source": "Facebook Dominique Baot", "nom": "Fontaine de Toull ar Roz", "precision_geom": "approximative", "statut": "existant", "src_p1910": false, "description": "", "alt-name": "Fontaine de Toul Aoroz", "src_c1842": false, "commentaire_st": "La fontaine et le lavoir ne figurent sur aucun plan existant. Ils ne sont pas nettement visisble sur les photographies aériennes. Le nom breton \"Feunteun Toull Aroz\" est présent dans l'inventaire de Madeg et Pondaven (2004).", "bzh-nom": "Feunteun Toull Aroz", "num_cad_1842": null, "num_cad_mod": null, "acces": "Libre, pente raide et falaise !", "existant_etat": null, "groupe_id": null, "legendes": "", "usages": "L'eau de la fontaine était donnée à boire aux mourants (Speranze, 1966 ; Moigne, 1986). La famille du dernier gardien du phare du Stiff allait chercher de l'eau à cet endroit (T. Berthelé).", "nom-explication": null }, "geometry": { "type": "Point", "coordinates": [ 105328.237207493119058, 6849844.077898077666759 ] } },
{ "type": "Feature", "properties": { "fid": 57, "type": "fontaine", "source": "Solenn (terrain)", "nom": "Fontaine de Keranchas", "precision_geom": "exacte", "statut": "existant", "src_p1910": false, "description": "Petite fontaine incluse dans le talus au bord du chemin.", "alt-name": null, "src_c1842": false, "commentaire_st": null, "bzh-nom": null, "num_cad_1842": null, "num_cad_mod": null, "acces": "Libre", "existant_etat": "en état", "groupe_id": null, "legendes": null, "usages": null, "nom-explication": null }, "geometry": { "type": "Point", "coordinates": [ 102583.187508741364582, 6849498.508735337294638 ] } },
{ "type": "Feature", "properties": { "fid": 58, "type": "aiguade", "source": "Solenn (terrain)", "nom": "Feuteun Willerm", "precision_geom": "exacte", "statut": "existant", "src_p1910": false, "description": "Aiguade maçonnée située à flan de falaise.", "alt-name": "Fontaine Saint-Guilhem", "src_c1842": false, "commentaire_st": "", "bzh-nom": null, "num_cad_1842": null, "num_cad_mod": null, "acces": "Libre", "existant_etat": "en état", "groupe_id": null, "legendes": "L'eau de la source associée avait la réputation de guérir les problèmes d'yeux (Péron, 1985 ;\nMoigne, 1986 ; Madeg, Pondaven, 1999).", "usages": "L'aiguade a été créée soit vers 1904-1911 lors de la construction du phare de la Jument (Botquélen 2025, sur Facebook), soit lors de la construction du fort voisin (Madeg et Pondaven, 1999).", "nom-explication": "Le nom breton \"Feuteun Willerm\" a été recensé par Mikael Madeg et Per Pondaven lors de la production de leur ouvrage sur la toponymie littorale d'Ouessant (1999)." }, "geometry": { "type": "Point", "coordinates": [ 100119.89694928546669, 6847576.324901413172483 ] } },
{ "type": "Feature", "properties": { "fid": 59, "type": "lavoir", "source": "JY Tual", "nom": "Lavoir du haut du Bourg", "precision_geom": "exacte", "statut": "détruit", "src_p1910": false, "description": "Le lavoir était protégé par un toit dont l'ancrage au mur est toujours visible à côté de l'office du tourisme.", "alt-name": null, "src_c1842": false, "commentaire_st": "", "bzh-nom": null, "num_cad_1842": null, "num_cad_mod": null, "acces": null, "existant_etat": null, "groupe_id": null, "legendes": null, "usages": null, "nom-explication": null }, "geometry": { "type": "Point", "coordinates": [ 102454.919901998597197, 6848142.377181242220104 ] } },
{ "type": "Feature", "properties": { "fid": 60, "type": "fontaine", "source": "Dantec et Le Scouëzec (2001)", "nom": "Fontaine de Stang Laedron", "precision_geom": "approximative", "statut": "à déterminer", "src_p1910": false, "description": "La nature exacte de la fontaine reste à déterminer. ", "alt-name": null, "src_c1842": false, "commentaire_st": null, "bzh-nom": null, "num_cad_1842": null, "num_cad_mod": null, "acces": "Libre", "existant_etat": null, "groupe_id": null, "legendes": null, "usages": "D'après Dantec et Le Scouëzec, 2001, les habitants utilisaient l'eau de la fontaine pour nettoyer la laine.", "nom-explication": null }, "geometry": { "type": "Point", "coordinates": [ 105438.724748187203659, 6847552.452927584759891 ] } },
{ "type": "Feature", "properties": { "fid": 61, "type": "lavoir en bordure de greve", "source": "Solenn (terrain)", "nom": "Lavoir de bord de grève de Porz Guéguen", "precision_geom": "exacte", "statut": "existant", "src_p1910": false, "description": "Doué reconstruit d'après une carte postale datant du début du 20ème siècle. Les travaux ont été réalisés par l'association Poull Ha Feunteun en 2010.", "alt-name": null, "src_c1842": false, "commentaire_st": null, "bzh-nom": null, "num_cad_1842": null, "num_cad_mod": null, "acces": "Libre", "existant_etat": "rénové", "groupe_id": null, "legendes": null, "usages": null, "nom-explication": null }, "geometry": { "type": "Point", "coordinates": [ 100714.793124512696522, 6848797.664099767804146 ] } },
{ "type": "Feature", "properties": { "fid": 62, "type": "lavoir_fontaine", "source": "Cadastre 1842", "nom": "Lavoir et fontaine de Parc Nevez", "precision_geom": "affinée", "statut": "à déterminer, trace ancienne", "src_p1910": false, "description": "", "alt-name": null, "src_c1842": true, "commentaire_st": "Une pièce d'eau - qui pourrait correspondre à un ensemble fontaine et douet/lavoir - est visible sur le plan parcellaire de 1842. Une zone claire sur sur les photos aériennes des années 1960 (avant la construction du barrage) pourrait correspondre à un lavoir enfriché (à vérifier). Si lavoir il y avait, il est potentiellement immergé dans la retenue d'eau (notamment quand elle est à son plus haut niveau). Il peut aussi avoir été détruit lors de la construction du barrage.", "bzh-nom": null, "num_cad_1842": null, "num_cad_mod": null, "acces": null, "existant_etat": null, "groupe_id": null, "legendes": null, "usages": null, "nom-explication": null }, "geometry": { "type": "Point", "coordinates": [ 103822.419733965638443, 6848395.178386324085295 ] } },
{ "type": "Feature", "properties": { "fid": 63, "type": "lavoir_fontaine", "source": "Cadastre 1842", "nom": "Lavoir et fontaine de Kervasdoué (?)", "precision_geom": "affinée", "statut": "à déterminer, trace ancienne", "src_p1910": false, "description": "Lavoir et source indiquées sur le cadastre de 1842", "alt-name": null, "src_c1842": true, "commentaire_st": null, "bzh-nom": null, "num_cad_1842": null, "num_cad_mod": null, "acces": null, "existant_etat": null, "groupe_id": null, "legendes": null, "usages": null, "nom-explication": null }, "geometry": { "type": "Point", "coordinates": [ 104134.208153020663303, 6848049.185978162102401 ] } },
{ "type": "Feature", "properties": { "fid": 65, "type": "inconnu", "source": "Cadastre 1842, Plan 1910", "nom": "Poull Audren", "precision_geom": "affinée", "statut": "à déterminer", "src_p1910": true, "description": null, "alt-name": null, "src_c1842": true, "commentaire_st": "Des doués/lavoirs sont visibles sur le plan parcellaire de 1842. Un lavoir/doué est représenté sur le plan de 1910.", "bzh-nom": null, "num_cad_1842": null, "num_cad_mod": null, "acces": null, "existant_etat": null, "groupe_id": null, "legendes": null, "usages": null, "nom-explication": null }, "geometry": { "type": "Point", "coordinates": [ 103307.371774679631926, 6847750.664415425620973 ] } },
{ "type": "Feature", "properties": { "fid": 66, "type": "lavoir", "source": "OSM et photo aérienne 1965-1980", "nom": "Lavoir de Poull Koz", "precision_geom": "exacte", "statut": "existant", "src_p1910": true, "description": "Le lavoir de Poull Koz était entretenu par deux familles du quartier. Il était en parfait état au milieu des années 2010. En 2026, il est envahi par la végétation et est à peine visible depuis la route.", "alt-name": "Lavoir de Kerhéré", "src_c1842": false, "commentaire_st": "Le lavoir n'est pas représenté sur le cadastre de 1842 (ni mentionné dans l'état de section). Le toponyme \"Poull Koz\" se trouve dans l'état de section du cadastre de 1842 sous la forme \"Poul Feunteun Goz\". Il est indiqué sur le plan de 1910. Il est parfaitement visible sur les photographies aériennes (notamment des années 1960).", "bzh-nom": null, "num_cad_1842": "F911", "num_cad_mod": null, "acces": "Libre, bord de route", "existant_etat": "dégradé", "groupe_id": null, "legendes": null, "usages": null, "nom-explication": "Il ne doit pas être confondu avec le lavoir de Poull Koz (même nom) situé côté sud de l'île." }, "geometry": { "type": "Point", "coordinates": [ 103355.061968955604243, 6849297.054323534481227 ] } },
{ "type": "Feature", "properties": { "fid": 67, "type": "inconnu", "source": "Plan d'ensemble au 10000e de 1910", "nom": "", "precision_geom": "affinée", "statut": "à déterminer", "src_p1910": true, "description": "Type et nature à préciser.", "alt-name": null, "src_c1842": false, "commentaire_st": "", "bzh-nom": null, "num_cad_1842": null, "num_cad_mod": null, "acces": "Libre, bord de route", "existant_etat": null, "groupe_id": null, "legendes": null, "usages": null, "nom-explication": null }, "geometry": { "type": "Point", "coordinates": [ 100803.965094644314377, 6848495.156288814730942 ] } },
{ "type": "Feature", "properties": { "fid": 68, "type": "inconnu", "source": "Plan d'ensemble au 10000e de 1910", "nom": null, "precision_geom": "affinée", "statut": "à déterminer", "src_p1910": true, "description": null, "alt-name": null, "src_c1842": false, "commentaire_st": "Type inconnu, pourrait correspondre au symbole des sources/fontaines.", "bzh-nom": null, "num_cad_1842": null, "num_cad_mod": null, "acces": "Terrain privé", "existant_etat": null, "groupe_id": null, "legendes": null, "usages": null, "nom-explication": null }, "geometry": { "type": "Point", "coordinates": [ 100144.511169369419804, 6847977.156151517294347 ] } },
{ "type": "Feature", "properties": { "fid": 69, "type": "inconnu", "source": "Plan d'ensemble au 10000e de 1910", "nom": null, "precision_geom": "affinée", "statut": "à déterminer", "src_p1910": true, "description": null, "alt-name": null, "src_c1842": false, "commentaire_st": "Indiqué comme \"Source\" sur le plan de 1910.", "bzh-nom": null, "num_cad_1842": null, "num_cad_mod": null, "acces": null, "existant_etat": null, "groupe_id": null, "legendes": null, "usages": null, "nom-explication": null }, "geometry": { "type": "Point", "coordinates": [ 101519.181329262937652, 6848791.037160433828831 ] } },
{ "type": "Feature", "properties": { "fid": 70, "type": "inconnu", "source": "Plan d'ensemble au 10000e de 1910", "nom": null, "precision_geom": "affinée", "statut": "à déterminer", "src_p1910": true, "description": null, "alt-name": null, "src_c1842": false, "commentaire_st": "Indiqué comme \"Source\" sur le plan de 1910. Géométrie affinée à partir du MNT 1m produit avec le Lidar HD.", "bzh-nom": null, "num_cad_1842": null, "num_cad_mod": null, "acces": null, "existant_etat": null, "groupe_id": null, "legendes": null, "usages": null, "nom-explication": null }, "geometry": { "type": "Point", "coordinates": [ 105070.381077880447265, 6848203.863775241188705 ] } },
{ "type": "Feature", "properties": { "fid": 71, "type": "lavoir", "source": "Plan d'ensemble au 10000e de 1910", "nom": "Lavoir de Prat ar Vitanes", "precision_geom": "affinée", "statut": "existant", "src_p1910": true, "description": null, "alt-name": null, "src_c1842": false, "commentaire_st": "Indiqué comme \"Lavoir\" sur le plan de 1910. Le lavoir est particulièrement visible sur les photographies aériennes de 1962. On le devine également sur le modèle numérique de terrain produit avec le Lidar HD.", "bzh-nom": null, "num_cad_1842": null, "num_cad_mod": null, "acces": null, "existant_etat": null, "groupe_id": null, "legendes": null, "usages": null, "nom-explication": null }, "geometry": { "type": "Point", "coordinates": [ 105262.140135075431317, 6848239.946027644909918 ] } },
{ "type": "Feature", "properties": { "fid": 72, "type": "lavoir_fontaine", "source": "Plan d'ensemble au 10000e de 1910", "nom": "Lavoir de Kernigou (Nord)", "precision_geom": "affinée", "statut": "détruit", "src_p1910": true, "description": null, "alt-name": null, "src_c1842": false, "commentaire_st": "Le plan parcellaire de 1842 ne mentionne ni mare ni douet. Le plan de 1910 indique une source/lavoir. Le lavoir est nettement visible sur les photographies aériennes de années 1960. Il est potentiellement visible sur les photographies aériennes prises entre 2000 et 2005. Il semble avoir été détruit à cette période à la suite de travaux de construction sur la parcelle. L'existance (ou non) d'une fontaine serait à confirmer à l'aide de témoignages.", "bzh-nom": null, "num_cad_1842": null, "num_cad_mod": null, "acces": "Terrain privé", "existant_etat": null, "groupe_id": null, "legendes": null, "usages": null, "nom-explication": null }, "geometry": { "type": "Point", "coordinates": [ 102885.021846661766176, 6848474.101525967940688 ] } },
{ "type": "Feature", "properties": { "fid": 73, "type": "inconnu", "source": "Plan d'ensemble au 10000e de 1910", "nom": null, "precision_geom": "affinée", "statut": "à déterminer", "src_p1910": true, "description": "Dans l'état de section de 1842, la parcelle G1560 appartient à la commune. La nature indiquée est \"Pâture et fontaine\". Le lieu-dit s'appelle Mez Feuteun.", "alt-name": null, "src_c1842": true, "commentaire_st": "La fontaine (et un doué ?) sont visibles sur le plan cadastral de 1842. Indiqué comme \"Source\" sur le plan de 1910.", "bzh-nom": null, "num_cad_1842": "G1556, G1560", "num_cad_mod": null, "acces": null, "existant_etat": null, "groupe_id": null, "legendes": null, "usages": null, "nom-explication": null }, "geometry": { "type": "Point", "coordinates": [ 103848.992201883127564, 6849446.973953191190958 ] } },
{ "type": "Feature", "properties": { "fid": 74, "type": "marre", "source": "Plan d'ensemble au 10000e de 1910", "nom": null, "precision_geom": "affinée", "statut": "à déterminer", "src_p1910": true, "description": "", "alt-name": null, "src_c1842": true, "commentaire_st": "Sur le plan parcellaire de 1842, les parcelles G1713 à G1720 ainsi que la parcelle G1727 sont partiellement recouvertes d'eau. Dans l'état de sections associé, elles sont désignées en tant que \"marres\" avec ou sans \"pâture\". Sur le plan de 1910, il semble que la zone corresponde à une source. En mars 2026, il est difficile de désigner le type de ce point sans vérification terrain. Il ne s'agit peut-être pas d'un ancien doué ou lavoir.", "bzh-nom": null, "num_cad_1842": "G1713-G1720, G1727", "num_cad_mod": null, "acces": "Libre", "existant_etat": null, "groupe_id": null, "legendes": null, "usages": null, "nom-explication": null }, "geometry": { "type": "Point", "coordinates": [ 103952.976093805395067, 6849747.446257498115301 ] } },
{ "type": "Feature", "properties": { "fid": 75, "type": "inconnu", "source": "Plan d'ensemble au 10000e de 1910", "nom": null, "precision_geom": "affinée", "statut": "à déterminer", "src_p1910": true, "description": null, "alt-name": null, "src_c1842": false, "commentaire_st": "Indiqué comme \"Source\" sur  le plan de 1910. Le ru qui part de cette source semble canalisée sous l'espace de stockage de sable et gravats et alimente la lavoir en aval.", "bzh-nom": null, "num_cad_1842": null, "num_cad_mod": null, "acces": "Libre", "existant_etat": null, "groupe_id": null, "legendes": null, "usages": null, "nom-explication": null }, "geometry": { "type": "Point", "coordinates": [ 105172.624279422758264, 6849053.494546978734434 ] } },
{ "type": "Feature", "properties": { "fid": 76, "type": "marre", "source": "Plan d'ensemble au 10000e de 1910", "nom": null, "precision_geom": "affinée", "statut": "à déterminer", "src_p1910": true, "description": null, "alt-name": null, "src_c1842": true, "commentaire_st": "Le plan parcellaire de 1842 représente une succession d'espaces en eau, décrits comme des \"marres\" dans l'état de section. Le plan de 1910 représente ce qui semble être une source/fontaine/doué. Vérifications nécessaires sur le terrain pour déterminer l'état actuel.", "bzh-nom": null, "num_cad_1842": "H1436-H1446, H1449", "num_cad_mod": null, "acces": null, "existant_etat": null, "groupe_id": null, "legendes": null, "usages": null, "nom-explication": null }, "geometry": { "type": "Point", "coordinates": [ 104680.787560517128441, 6850137.666306179016829 ] } },
{ "type": "Feature", "properties": { "fid": 77, "type": "inconnu", "source": "Plan d'ensemble au 10000e de 1910", "nom": null, "precision_geom": "affinée", "statut": "à déterminer", "src_p1910": true, "description": null, "alt-name": null, "src_c1842": false, "commentaire_st": "Type et nature à préciser", "bzh-nom": null, "num_cad_1842": null, "num_cad_mod": null, "acces": null, "existant_etat": null, "groupe_id": null, "legendes": null, "usages": null, "nom-explication": null }, "geometry": { "type": "Point", "coordinates": [ 103471.737985556974309, 6849271.239795008674264 ] } },
{ "type": "Feature", "properties": { "fid": 78, "type": "fontaine", "source": "Plan d'ensemble au 10000e de 1910", "nom": null, "precision_geom": "affinée", "statut": "à déterminer", "src_p1910": true, "description": null, "alt-name": null, "src_c1842": false, "commentaire_st": "Correspond à une zone notoirement humide/en eau", "bzh-nom": null, "num_cad_1842": "O1120bis", "num_cad_mod": null, "acces": "Terrain privé", "existant_etat": null, "groupe_id": null, "legendes": null, "usages": null, "nom-explication": null }, "geometry": { "type": "Point", "coordinates": [ 103260.468304846348474, 6847650.282495823688805 ] } },
{ "type": "Feature", "properties": { "fid": 79, "type": "inconnu", "source": "Plan d'ensemble au 10000e de 1910", "nom": null, "precision_geom": "affinée", "statut": "à déterminer", "src_p1910": true, "description": null, "alt-name": null, "src_c1842": false, "commentaire_st": "Type à préciser (source, zone humide, autre ?)", "bzh-nom": null, "num_cad_1842": null, "num_cad_mod": null, "acces": null, "existant_etat": null, "groupe_id": null, "legendes": null, "usages": null, "nom-explication": null }, "geometry": { "type": "Point", "coordinates": [ 102434.100737922111875, 6848708.521131105720997 ] } },
{ "type": "Feature", "properties": { "fid": 80, "type": "inconnu", "source": "Plan d'ensemble au 10000e de 1910", "nom": "? de Kermorvan", "precision_geom": "affinée", "statut": "à déterminer", "src_p1910": true, "description": null, "alt-name": null, "src_c1842": true, "commentaire_st": "Le plan parcellaire de 1842 représente deux parcelles en eau. L'état de section indique que ce sont des \"mares\". Un élément de type source/fontaine/lavoir est représenté sur le plan de 1910. Le type reste à préciser. Il est possible qu'un lavoir soit visible sur la photographie aérienne d'avril 1963, à confirmer avec des témoignages (peut-être est-ce une mauvaise interprétation)", "bzh-nom": null, "num_cad_1842": "E931-E932", "num_cad_mod": null, "acces": null, "existant_etat": null, "groupe_id": null, "legendes": null, "usages": null, "nom-explication": null }, "geometry": { "type": "Point", "coordinates": [ 102948.173361818728154, 6848748.800785649567842 ] } },
{ "type": "Feature", "properties": { "fid": 81, "type": "inconnu", "source": "Plan d'ensemble au 10000e de 1910", "nom": "? de Kernonen - Pont Miguel", "precision_geom": "affinée", "statut": "à déterminer", "src_p1910": true, "description": null, "alt-name": null, "src_c1842": true, "commentaire_st": "Une pièce d'eau est représentée à cet emplcaement sur le plan parcellaire cadastral de 1842. Sa nature précise n'est pas indiquée dans l'état de section. Un symbole de source/fontaine/lavoir figure également sur le plan de 1910. Une petite dépression rectangulaire est visible sur le modèle numérique de terrain de 2026. Une vérification sur le terrain est nécessaire pour déterminer l'existance ou non d'un lavoir à cet endroit.", "bzh-nom": null, "num_cad_1842": "E1647", "num_cad_mod": null, "acces": null, "existant_etat": null, "groupe_id": null, "legendes": null, "usages": null, "nom-explication": null }, "geometry": { "type": "Point", "coordinates": [ 103387.681402690839604, 6848675.015325805172324 ] } },
{ "type": "Feature", "properties": { "fid": 82, "type": "lavoir", "source": "Plan d'ensemble au 10000e de 1910", "nom": "Lavoir de Kernonen - Liors Poull Quiloch", "precision_geom": "affinée", "statut": "existant", "src_p1910": true, "description": "Le lavoir est recouvert de terre et de végétation. Les margelles ont été détectées en sondant.", "alt-name": "Lavoir du château d'eau", "src_c1842": true, "commentaire_st": "Une pièce d'eau est représentée à l'emplacement du lavoir sur le plan parcellaire de 1842. La nature n'est pas précisée dans le registre d'état de section. Le nom du groupe de parcelles est \"Liors Poul Quilloc\". Un symbole correspondant aux sources/fontaines/lavoir est visible sur le plan de 1910. Une petite dépression rectangulaire est visible sur le modèle numérique de terrain de 2026.", "bzh-nom": null, "num_cad_1842": "E1622", "num_cad_mod": null, "acces": null, "existant_etat": "en ruines", "groupe_id": null, "legendes": null, "usages": null, "nom-explication": null }, "geometry": { "type": "Point", "coordinates": [ 103259.955022853799164, 6848653.928981020115316 ] } },
{ "type": "Feature", "properties": { "fid": 83, "type": "fontaine", "source": "MNT 1m 2026", "nom": "Fontaine du lavoir de Kadoran", "precision_geom": "exacte", "statut": "existant", "src_p1910": true, "description": null, "alt-name": null, "src_c1842": true, "commentaire_st": "Fontaine visible sur le plan de 1910. Position déterminée à partir du MNT 1m produit à partir du Lidar HD.", "bzh-nom": null, "num_cad_1842": null, "num_cad_mod": null, "acces": null, "existant_etat": "entretenu", "groupe_id": null, "legendes": null, "usages": null, "nom-explication": null }, "geometry": { "type": "Point", "coordinates": [ 104665.414206766421557, 6850218.21368960943073 ] } },
{ "type": "Feature", "properties": { "fid": 84, "type": "routoir", "source": "Cadastre 1842", "nom": "Routoir de Stang ar Merdy", "precision_geom": "affinée", "statut": "détruit", "src_p1910": false, "description": null, "alt-name": null, "src_c1842": true, "commentaire_st": "Espace en eau représenté sur le plan parcellaire cadastral situé directement sur un ru. Dans l'état de section, la parcelle est décrite comme un \"routoir\" et est nommée \"Ar poul\". Aujourd'hui submergée sous le barrage.", "bzh-nom": null, "num_cad_1842": "Q971", "num_cad_mod": null, "acces": null, "existant_etat": null, "groupe_id": null, "legendes": null, "usages": null, "nom-explication": null }, "geometry": { "type": "Point", "coordinates": [ 103504.377111244146363, 6848320.617900293320417 ] } },
{ "type": "Feature", "properties": { "fid": 85, "type": "inconnu", "source": "Cadastre 1842", "nom": "", "precision_geom": "affinée", "statut": "à déterminer", "src_p1910": false, "description": "", "alt-name": null, "src_c1842": true, "commentaire_st": "Le plan parcellaire de 1842 représente ce qui pourrait être une source/fontaine et un doué. L'état de section ne donne pas de détails supplémentaires.", "bzh-nom": null, "num_cad_1842": "O2451", "num_cad_mod": null, "acces": null, "existant_etat": null, "groupe_id": null, "legendes": null, "usages": null, "nom-explication": null }, "geometry": { "type": "Point", "coordinates": [ 104344.669610655866563, 6847912.980747913010418 ] } },
{ "type": "Feature", "properties": { "fid": 86, "type": "inconnu", "source": "Cadastre 1842", "nom": "? de Liorsou ar Gavan", "precision_geom": "affinée", "statut": "à déterminer", "src_p1910": false, "description": null, "alt-name": null, "src_c1842": true, "commentaire_st": "Un rectangle bleu est représenté sur le plan parcellaire cadastral de 1842 à l'emplacement du lavoir actuel. La nature de cette pièce d'eau n'est pas précisée dans le registre d'état de section associé. Il ne figure pas sur le plan de 1910 est aucune trace évidente n'a été relevée sur les photos aériennes anciennes et actuelles. Vérifications terrain nécessaires.", "bzh-nom": null, "num_cad_1842": null, "num_cad_mod": null, "acces": null, "existant_etat": null, "groupe_id": null, "legendes": null, "usages": null, "nom-explication": null }, "geometry": { "type": "Point", "coordinates": [ 104525.366064099333016, 6848928.335088896565139 ] } },
{ "type": "Feature", "properties": { "fid": 87, "type": "lavoir", "source": "Cadastre 1842", "nom": null, "precision_geom": "affinée", "statut": "à déterminer", "src_p1910": false, "description": null, "alt-name": null, "src_c1842": true, "commentaire_st": "Hypothétique lavoir, indique sur le cadastre de 1842 et avec une présemption sur le modèle numérique de terrain 2025 produit avec le Lidar HD (précsiion à 1m).", "bzh-nom": null, "num_cad_1842": null, "num_cad_mod": null, "acces": null, "existant_etat": null, "groupe_id": null, "legendes": null, "usages": null, "nom-explication": null }, "geometry": { "type": "Point", "coordinates": [ 102995.290696679163375, 6848340.239481877535582 ] } },
{ "type": "Feature", "properties": { "fid": 88, "type": "lavoir", "source": "Cadastre 1842", "nom": "Lavoir de Kerivin", "precision_geom": "affinée", "statut": "à déterminer", "src_p1910": false, "description": null, "alt-name": null, "src_c1842": true, "commentaire_st": "Un doué/lavoir est représenté sur le plan parcellaire de cadastre de 1842. La nature de l'espace en eau n'est pas précisée dans l'état de section. Un lavoir ou une fontaine sont visible à cet endroit sur les photographies aérienne d'avril 1963.", "bzh-nom": null, "num_cad_1842": "J576", "num_cad_mod": null, "acces": null, "existant_etat": null, "groupe_id": null, "legendes": null, "usages": null, "nom-explication": null }, "geometry": { "type": "Point", "coordinates": [ 104793.417857500448008, 6849090.535057949833572 ] } },
{ "type": "Feature", "properties": { "fid": 89, "type": "lavoir", "source": "Solenn (terrain)", "nom": "Lavoir du phare du Stiff", "precision_geom": "exacte", "statut": "existant", "src_p1910": false, "description": "Bassin (sans source associée) entouré de margelles.", "alt-name": null, "src_c1842": false, "commentaire_st": "Le lavoir est situé dans l'arrière cour du phare du Stiff.", "bzh-nom": null, "num_cad_1842": null, "num_cad_mod": null, "acces": "Libre, aux heures d'ouverture du musée", "existant_etat": "dégradé", "groupe_id": null, "legendes": null, "usages": null, "nom-explication": null }, "geometry": { "type": "Point", "coordinates": [ 105520.029687412563362, 6849735.852321118116379 ] } },
{ "type": "Feature", "properties": { "fid": 90, "type": "lavoir_fontaine", "source": "Poull Ha Feunteun", "nom": "Lavoir et fontaine de Cost Ar Prat", "precision_geom": "affinée", "statut": "existant", "src_p1910": false, "description": "La fontaine existe toujours, elle est adossée au talus. Il y avait également un lavoir maçonné (JY Tual) actuellement dégradé, probablement comblé par des sédiments.", "alt-name": null, "src_c1842": true, "commentaire_st": "Une fontaine semble déjà exister en 1842 sur le plan cadastral, matérialisée par un petit carré bleu. Elle n'est pas mentionnée dans l'état de section. Il n'y a ni lavoir ni fontaine sur le plan de 1910.", "bzh-nom": null, "num_cad_1842": "Q2320", "num_cad_mod": null, "acces": null, "existant_etat": "dégradé", "groupe_id": null, "legendes": null, "usages": null, "nom-explication": null }, "geometry": { "type": "Point", "coordinates": [ 102797.866685346976737, 6848116.793357451446354 ] } },
{ "type": "Feature", "properties": { "fid": 91, "type": "inconnu", "source": "Cadastre 1842", "nom": null, "precision_geom": "affinée", "statut": "à déterminer", "src_p1910": false, "description": "Zone en eau sur le cadastre de 1842. L'état de section indique que la parcelle Q2217 est de nature \"Mâres\". Le nom de la parcelle commence par \"Poullic\". Malheureusement le seond mot est difficile à transcrire. La parcelle Q2219 voisine contient une petite zone en eau sur le plan. Dans l'état de section, il n'est pas fait mention d'une mare.", "alt-name": null, "src_c1842": true, "commentaire_st": null, "bzh-nom": null, "num_cad_1842": null, "num_cad_mod": null, "acces": null, "existant_etat": null, "groupe_id": null, "legendes": null, "usages": null, "nom-explication": null }, "geometry": { "type": "Point", "coordinates": [ 102919.279224954880192, 6848172.060000865720212 ] } },
{ "type": "Feature", "properties": { "fid": 92, "type": "inconnu", "source": "Cadastre 1842", "nom": null, "precision_geom": "affinée", "statut": "à déterminer", "src_p1910": false, "description": "", "alt-name": null, "src_c1842": true, "commentaire_st": "Parcelle en eau sur le plan parcellaire de 1842. Peut-être un doué ?", "bzh-nom": null, "num_cad_1842": "Q2020", "num_cad_mod": null, "acces": null, "existant_etat": null, "groupe_id": null, "legendes": null, "usages": null, "nom-explication": null }, "geometry": { "type": "Point", "coordinates": [ 103179.460374353366205, 6848319.839603556320071 ] } },
{ "type": "Feature", "properties": { "fid": 93, "type": "routoir", "source": "Cadastre 1842", "nom": "Routoir de Poul ar normand", "precision_geom": "affinée", "statut": "à déterminer, trace ancienne", "src_p1910": false, "description": "", "alt-name": null, "src_c1842": true, "commentaire_st": "Un groupe de petites parcelles en eau figure sur le plan parcellaire de 1842. Dans le registre d'état de section, la nature précise des parcelles Q1293 à Q1295 ets précisée : ce sont des routoirs. Le nom du groupe de parcelles est \"Poul ar normand\".", "bzh-nom": null, "num_cad_1842": "Q1293-Q1299", "num_cad_mod": null, "acces": null, "existant_etat": null, "groupe_id": null, "legendes": null, "usages": null, "nom-explication": null }, "geometry": { "type": "Point", "coordinates": [ 103481.129365953063825, 6848530.279108051210642 ] } },
{ "type": "Feature", "properties": { "fid": 94, "type": "inconnu", "source": "Cadastre 1842", "nom": null, "precision_geom": "affinée", "statut": "à déterminer, trace ancienne", "src_p1910": false, "description": "Une zone en eau rectangulaire est visible sur le plan parcellaire de 1842. La nature n'est pas précisée dans le registre d'état de section. Il n'y a pas de symbole de lavoir ou fontaine à cet endroit sur le plan de 1910.", "alt-name": null, "src_c1842": true, "commentaire_st": "Si lavoir il y avait, il est très probablement immergé dans la retenue ou a été détruit lors de la construction du barrage.", "bzh-nom": null, "num_cad_1842": "Q898", "num_cad_mod": null, "acces": null, "existant_etat": null, "groupe_id": null, "legendes": null, "usages": null, "nom-explication": null }, "geometry": { "type": "Point", "coordinates": [ 103905.223616881397902, 6848453.293704772368073 ] } },
{ "type": "Feature", "properties": { "fid": 95, "type": "fontaine", "source": "Dantec et Le Scouëzec (2001)", "nom": "Fontaine du Stankou", "precision_geom": "affinée", "statut": "existant", "src_p1910": false, "description": "Fontaine naturelle.", "alt-name": null, "src_c1842": false, "commentaire_st": "La fontaine est décrite dans l'ouvrage de Dantec et Le Scouëzec ainsi que dans la carte de Cédric Caïn. ", "bzh-nom": "Feunteun ar Stankou", "num_cad_1842": null, "num_cad_mod": null, "acces": "Libre", "existant_etat": null, "groupe_id": null, "legendes": "L'eau qui abreuve la fontaine trouverait sa source dans les Monts-d'Arrée. ", "usages": null, "nom-explication": "Le nom \"Feunteun ar Stankou\" a été inventorié dans l'ouvrage de toponymie maritime de Mikael Madeg et Per Pondaven (1999)." }, "geometry": { "type": "Point", "coordinates": [ 99803.654912226716988, 6848371.387440221384168 ] } },
{ "type": "Feature", "properties": { "fid": 96, "type": "doué", "source": "Cadastre 1842", "nom": null, "precision_geom": "affinée", "statut": "à déterminer", "src_p1910": false, "description": "Cette parcelle est décrite comme un \"douet\" dans l'état de section du cadastre de 1842.", "alt-name": null, "src_c1842": true, "commentaire_st": null, "bzh-nom": null, "num_cad_1842": "A1425", "num_cad_mod": null, "acces": "Libre", "existant_etat": null, "groupe_id": null, "legendes": null, "usages": null, "nom-explication": null }, "geometry": { "type": "Point", "coordinates": [ 100040.990666685189353, 6848305.285396723076701 ] } },
{ "type": "Feature", "properties": { "fid": 97, "type": "fontaine", "source": "Cadastre 1842", "nom": null, "precision_geom": "affinée", "statut": "à déterminer", "src_p1910": false, "description": null, "alt-name": null, "src_c1842": true, "commentaire_st": "Petit carré bleu visible sur le plan parcellaire de 1842 qui pourrait indiquer une fontaine. Le lieu-dit associé se nomme \"Stang ar Feunteun\".", "bzh-nom": null, "num_cad_1842": "J3312", "num_cad_mod": null, "acces": null, "existant_etat": null, "groupe_id": null, "legendes": null, "usages": null, "nom-explication": null }, "geometry": { "type": "Point", "coordinates": [ 105391.135301269881893, 6848103.676652676425874 ] } },
{ "type": "Feature", "properties": { "fid": 98, "type": "lavoir", "source": "Cadastre 1842", "nom": "? de Prat ar Run", "precision_geom": "affinée", "statut": "à déterminer", "src_p1910": true, "description": null, "alt-name": null, "src_c1842": true, "commentaire_st": "Un rectangle bleuté figure dans la parcelle sur le plan cadastral de 1842 ainsi que sur le plan de 1910. ", "bzh-nom": null, "num_cad_1842": "J2963", "num_cad_mod": null, "acces": null, "existant_etat": null, "groupe_id": null, "legendes": null, "usages": null, "nom-explication": null }, "geometry": { "type": "Point", "coordinates": [ 105325.015554050158244, 6848203.640008012764156 ] } },
{ "type": "Feature", "properties": { "fid": 99, "type": "inconnu", "source": "Cadastre 1842", "nom": null, "precision_geom": "affinée", "statut": "à déterminer", "src_p1910": false, "description": null, "alt-name": null, "src_c1842": true, "commentaire_st": "Un rectangle bleu figure sur le plan parcellaire de 1842. Il n'y a pas de précision dans l'état de section associé. Vérifications sur le terrain nécessaire.", "bzh-nom": null, "num_cad_1842": "J3061", "num_cad_mod": null, "acces": null, "existant_etat": null, "groupe_id": null, "legendes": null, "usages": null, "nom-explication": null }, "geometry": { "type": "Point", "coordinates": [ 105513.389721578132594, 6848196.406611083075404 ] } },
{ "type": "Feature", "properties": { "fid": 100, "type": "lavoir", "source": "Carte PNRA Cédric", "nom": null, "precision_geom": "exacte", "statut": "existant", "src_p1910": false, "description": null, "alt-name": null, "src_c1842": false, "commentaire_st": "Semble avoir été excavé entre 2006 et 2015 (d'après les photos aériennes). Terrain privé ?", "bzh-nom": null, "num_cad_1842": null, "num_cad_mod": null, "acces": "Terrain privé", "existant_etat": null, "groupe_id": null, "legendes": null, "usages": null, "nom-explication": null }, "geometry": { "type": "Point", "coordinates": [ 102265.635249327198835, 6846869.270791375078261 ] } },
{ "type": "Feature", "properties": { "fid": 101, "type": "fontaine", "source": "Cadastre 1842", "nom": null, "precision_geom": "affinée", "statut": "à déterminer", "src_p1910": false, "description": null, "alt-name": null, "src_c1842": true, "commentaire_st": "Un symbole de fontaine (?) est visible sur le plan parcellaire du cadastre de 1842.", "bzh-nom": null, "num_cad_1842": null, "num_cad_mod": null, "acces": "Libre", "existant_etat": null, "groupe_id": null, "legendes": null, "usages": null, "nom-explication": null }, "geometry": { "type": "Point", "coordinates": [ 104337.818782272108365, 6847368.18528325855732 ] } },
{ "type": "Feature", "properties": { "fid": 102, "type": "marre", "source": "Cadastre 1842", "nom": "Prad Kerhéré", "precision_geom": "affinée", "statut": "à déterminer", "src_p1910": false, "description": null, "alt-name": null, "src_c1842": true, "commentaire_st": "Le plan parcellaire de 1842 représente une zone en eau. L'état de section associé indique une \"marre\". ", "bzh-nom": null, "num_cad_1842": "F909", "num_cad_mod": null, "acces": null, "existant_etat": null, "groupe_id": null, "legendes": null, "usages": null, "nom-explication": null }, "geometry": { "type": "Point", "coordinates": [ 103359.746409699684591, 6849350.988373798318207 ] } },
{ "type": "Feature", "properties": { "fid": 103, "type": "inconnu", "source": "Cadastre 1842", "nom": null, "precision_geom": "affinée", "statut": "à déterminer", "src_p1910": false, "description": null, "alt-name": null, "src_c1842": true, "commentaire_st": "Deux petits symboles, assimilables à ceux des fontaines ou des sources figurent sur le plan parcellaire de 1842.", "bzh-nom": null, "num_cad_1842": null, "num_cad_mod": null, "acces": null, "existant_etat": null, "groupe_id": null, "legendes": null, "usages": null, "nom-explication": null }, "geometry": { "type": "Point", "coordinates": [ 104217.714816314386553, 6847970.783973850309849 ] } },
{ "type": "Feature", "properties": { "fid": 104, "type": "inconnu", "source": "Cadastre 1842", "nom": "Kergoff", "precision_geom": "affinée", "statut": "existant", "src_p1910": false, "description": "En 2026, une mare se trouve à cet endroit. Elle est facilement accessible. Il est possible que ce soit un ancien doué, englouti, car des pierres plates semblent détectées en sondant. Il n'y a pas de margelles. Le petit canal entre une source (ou fontaine) et la mare est toujours visible. (Berthelé 2026)", "alt-name": null, "src_c1842": true, "commentaire_st": "Espace en eau représenté sur le plan parcellaire de 1842. Il n'y a pas détails supplémentaires dans l'état de section. Potentiel doué ou lavoir ?", "bzh-nom": null, "num_cad_1842": "O2089bis", "num_cad_mod": null, "acces": null, "existant_etat": null, "groupe_id": null, "legendes": null, "usages": null, "nom-explication": null }, "geometry": { "type": "Point", "coordinates": [ 104120.711405728710815, 6847918.277623227797449 ] } },
{ "type": "Feature", "properties": { "fid": 105, "type": "inconnu", "source": "Cadastre 1842", "nom": null, "precision_geom": "affinée", "statut": "à déterminer", "src_p1910": false, "description": null, "alt-name": null, "src_c1842": true, "commentaire_st": "Espace en eau représenté sur le plan parcellaire de 1842. Il n'y a pas détails supplémentaires dans l'état de section. Potentiel doué ou lavoir ? Il n'y a pas de mentions récentes de cette entité.", "bzh-nom": null, "num_cad_1842": "O2123", "num_cad_mod": null, "acces": null, "existant_etat": null, "groupe_id": null, "legendes": null, "usages": null, "nom-explication": null }, "geometry": { "type": "Point", "coordinates": [ 104015.64731698903779, 6847931.98203164152801 ] } },
{ "type": "Feature", "properties": { "fid": 106, "type": "inconnu", "source": "Cadastre 1842", "nom": null, "precision_geom": "affinée", "statut": "à déterminer", "src_p1910": false, "description": null, "alt-name": null, "src_c1842": true, "commentaire_st": "Espace en eau représenté sur le plan parcellaire de 1842. Il n'y a pas détails supplémentaires dans l'état de section. Potentiel doué ou lavoir ? Il n'y a pas de mentions récentes de cette entité.", "bzh-nom": null, "num_cad_1842": null, "num_cad_mod": null, "acces": null, "existant_etat": null, "groupe_id": null, "legendes": null, "usages": null, "nom-explication": null }, "geometry": { "type": "Point", "coordinates": [ 104046.747200647412683, 6847952.690327860414982 ] } },
{ "type": "Feature", "properties": { "fid": 107, "type": "inconnu", "source": "Cadastre 1842", "nom": null, "precision_geom": "affinée", "statut": "à déterminer", "src_p1910": false, "description": null, "alt-name": null, "src_c1842": true, "commentaire_st": "Espace en eau représenté sur le plan parcellaire de 1842. Il n'y a pas détails supplémentaires dans l'état de section. Potentiel doué ou lavoir ? Il n'y a pas de mentions récentes de cette entité.", "bzh-nom": null, "num_cad_1842": null, "num_cad_mod": null, "acces": null, "existant_etat": null, "groupe_id": null, "legendes": null, "usages": null, "nom-explication": null }, "geometry": { "type": "Point", "coordinates": [ 104063.683235818039975, 6847935.754292689263821 ] } },
{ "type": "Feature", "properties": { "fid": 108, "type": "inconnu", "source": "Cadastre 1842", "nom": null, "precision_geom": "affinée", "statut": "à déterminer", "src_p1910": false, "description": null, "alt-name": null, "src_c1842": true, "commentaire_st": "Espace en eau représenté sur le plan parcellaire de 1842. Il n'y a pas détails supplémentaires dans l'état de section. Potentiel doué ou lavoir ? Il n'y a pas de mentions récentes de cette entité.", "bzh-nom": null, "num_cad_1842": null, "num_cad_mod": null, "acces": null, "existant_etat": null, "groupe_id": null, "legendes": null, "usages": null, "nom-explication": null }, "geometry": { "type": "Point", "coordinates": [ 103925.10898031508259, 6847926.937876422889531 ] } },
{ "type": "Feature", "properties": { "fid": 109, "type": "inconnu", "source": "Cadastre 1842", "nom": null, "precision_geom": "affinée", "statut": "à déterminer", "src_p1910": false, "description": null, "alt-name": null, "src_c1842": true, "commentaire_st": "Espace en eau représenté sur le plan parcellaire de 1842 qui pourrait correspondre à un lavoir/doué.", "bzh-nom": null, "num_cad_1842": null, "num_cad_mod": null, "acces": null, "existant_etat": null, "groupe_id": null, "legendes": null, "usages": null, "nom-explication": null }, "geometry": { "type": "Point", "coordinates": [ 103810.069002935808385, 6847898.585363214835525 ] } },
{ "type": "Feature", "properties": { "fid": 110, "type": "inconnu", "source": "Cadastre 1842", "nom": null, "precision_geom": "affinée", "statut": "à déterminer", "src_p1910": false, "description": "", "alt-name": null, "src_c1842": true, "commentaire_st": "Point indiqué sur le plan parcellaire de 1842 qui pourrait correspondre à une source ou à une fontaine.", "bzh-nom": null, "num_cad_1842": null, "num_cad_mod": null, "acces": null, "existant_etat": null, "groupe_id": null, "legendes": null, "usages": null, "nom-explication": null }, "geometry": { "type": "Point", "coordinates": [ 103658.532411996129667, 6847882.920904573984444 ] } },
{ "type": "Feature", "properties": { "fid": 111, "type": "inconnu", "source": "Cadastre 1842", "nom": null, "precision_geom": "affinée", "statut": "à déterminer", "src_p1910": false, "description": null, "alt-name": null, "src_c1842": true, "commentaire_st": "Point indiqué sur le plan parcellaire de 1842 qui pourrait correspondre à une source ou à une fontaine.", "bzh-nom": null, "num_cad_1842": null, "num_cad_mod": null, "acces": null, "existant_etat": null, "groupe_id": null, "legendes": null, "usages": null, "nom-explication": null }, "geometry": { "type": "Point", "coordinates": [ 103637.98909118703159, 6847858.153723411262035 ] } },
{ "type": "Feature", "properties": { "fid": 113, "type": "lavoir", "source": "Carte PNRA Cédric", "nom": null, "precision_geom": "approximative", "statut": "à déterminer", "src_p1910": false, "description": null, "alt-name": null, "src_c1842": false, "commentaire_st": null, "bzh-nom": null, "num_cad_1842": null, "num_cad_mod": null, "acces": null, "existant_etat": null, "groupe_id": null, "legendes": null, "usages": null, "nom-explication": null }, "geometry": { "type": "Point", "coordinates": [ 102654.682827683354844, 6848165.077773651108146 ] } },
{ "type": "Feature", "properties": { "fid": 114, "type": "lavoir_fontaine", "source": "Carte PNRA Cédric", "nom": null, "precision_geom": "approximative", "statut": "à déterminer", "src_p1910": false, "description": "Potentiellement situé sur un terrain privé.", "alt-name": null, "src_c1842": false, "commentaire_st": "", "bzh-nom": null, "num_cad_1842": null, "num_cad_mod": null, "acces": null, "existant_etat": null, "groupe_id": null, "legendes": null, "usages": null, "nom-explication": null }, "geometry": { "type": "Point", "coordinates": [ 102207.48119370781933, 6848089.515736568719149 ] } },
{ "type": "Feature", "properties": { "fid": 115, "type": "fontaine", "source": "Carte PNRA Cédric", "nom": null, "precision_geom": "approximative", "statut": "à déterminer", "src_p1910": false, "description": null, "alt-name": null, "src_c1842": false, "commentaire_st": null, "bzh-nom": null, "num_cad_1842": null, "num_cad_mod": null, "acces": "Terrain privé", "existant_etat": null, "groupe_id": null, "legendes": null, "usages": null, "nom-explication": null }, "geometry": { "type": "Point", "coordinates": [ 102598.443761793678277, 6849290.844087668694556 ] } },
{ "type": "Feature", "properties": { "fid": 116, "type": "fontaine", "source": "Carte PNRA Cédric", "nom": null, "precision_geom": "approximative", "statut": "à déterminer", "src_p1910": false, "description": null, "alt-name": null, "src_c1842": false, "commentaire_st": null, "bzh-nom": null, "num_cad_1842": null, "num_cad_mod": null, "acces": "Traversée de terrains privés ?", "existant_etat": null, "groupe_id": null, "legendes": null, "usages": null, "nom-explication": null }, "geometry": { "type": "Point", "coordinates": [ 102235.425001414681901, 6848629.380693146027625 ] } },
{ "type": "Feature", "properties": { "fid": 117, "type": "fontaine", "source": "Plan d'ensemble au 10000e de 1910", "nom": null, "precision_geom": "approximative", "statut": "à déterminer", "src_p1910": true, "description": null, "alt-name": null, "src_c1842": false, "commentaire_st": "Le plan d'ensemble de 1910 représente une fontaine à cet endroit, dans l'enceinte de ce qui était encore une caserne militaire. Il pourrait s'agir de prises d'eau pour la caserne (forme inconnue). A voir si des traces existent encore au camping et autour des casernes.", "bzh-nom": null, "num_cad_1842": null, "num_cad_mod": null, "acces": null, "existant_etat": null, "groupe_id": null, "legendes": null, "usages": null, "nom-explication": null }, "geometry": { "type": "Point", "coordinates": [ 102836.127369076682953, 6848195.87894974462688 ] } },
{ "type": "Feature", "properties": { "fid": 118, "type": "fontaine", "source": "Plan d'ensemble au 10000e de 1910", "nom": null, "precision_geom": "approximative", "statut": "à déterminer", "src_p1910": true, "description": null, "alt-name": null, "src_c1842": false, "commentaire_st": "Le plan d'ensemble de 1910 représente une fontaine à cet endroit, dans l'enceinte de ce qui était encore une caserne militaire. Il pourrait s'agir de prises d'eau pour la caserne (forme inconnue). A voir si des traces existent encore au camping et autour des casernes.", "bzh-nom": null, "num_cad_1842": null, "num_cad_mod": null, "acces": null, "existant_etat": null, "groupe_id": null, "legendes": null, "usages": null, "nom-explication": null }, "geometry": { "type": "Point", "coordinates": [ 102919.322254196507856, 6848255.428972776979208 ] } },
{ "type": "Feature", "properties": { "fid": 119, "type": "fontaine", "source": "Plan d'ensemble au 10000e de 1910", "nom": null, "precision_geom": "approximative", "statut": "à déterminer", "src_p1910": true, "description": null, "alt-name": null, "src_c1842": false, "commentaire_st": "Le plan d'ensemble de 1910 représente une fontaine à cet endroit, dans l'enceinte de ce qui était encore une caserne militaire. Il pourrait s'agir de prises d'eau pour la caserne (forme inconnue). A voir si des traces existent encore au camping et autour des casernes.", "bzh-nom": null, "num_cad_1842": null, "num_cad_mod": null, "acces": null, "existant_etat": null, "groupe_id": null, "legendes": null, "usages": null, "nom-explication": null }, "geometry": { "type": "Point", "coordinates": [ 102945.594323181707296, 6848335.996650998480618 ] } },
{ "type": "Feature", "properties": { "fid": 120, "type": "marre", "source": "Cadastre 1842", "nom": null, "precision_geom": "affinée", "statut": "détruit", "src_p1910": false, "description": "", "alt-name": null, "src_c1842": true, "commentaire_st": "Ensemble de parcelles en eau visible sur le plan parcellaire de 1842. Détruit car situé sous l'emplacement du stockage de gravats.", "bzh-nom": null, "num_cad_1842": null, "num_cad_mod": null, "acces": null, "existant_etat": null, "groupe_id": null, "legendes": null, "usages": null, "nom-explication": null }, "geometry": { "type": "Point", "coordinates": [ 105222.094625801008078, 6849074.558351080864668 ] } },
{ "type": "Feature", "properties": { "fid": 121, "type": "lavoir", "source": "Françoise (terrain)", "nom": "Lavoir du Croazou", "precision_geom": "exacte", "statut": "existant", "src_p1910": false, "description": "Le lavoir se trouve en amont de la fontaine contrairement à l'habitude. Il semble avoir été déplacé de son emplacement initial.", "alt-name": null, "src_c1842": false, "commentaire_st": "Le lavoir n'apparaît pas sur le plan parcellaire de 1842. Le lavoir ainsi que la tranchée qui mènent à la fontaine sont particulièrement bien visible sur le modèle numérique d'élévation à 1 mètre.", "bzh-nom": null, "num_cad_1842": null, "num_cad_mod": null, "acces": "Terrain privé", "existant_etat": "en état", "groupe_id": 1, "legendes": null, "usages": null, "nom-explication": null }, "geometry": { "type": "Point", "coordinates": [ 102823.893752749077976, 6847904.393299118615687 ] } },
{ "type": "Feature", "properties": { "fid": 122, "type": "fontaine", "source": "Françoise (terrain)", "nom": "Fontaine de Frugullou", "precision_geom": "exacte", "statut": "existant", "src_p1910": true, "description": null, "alt-name": null, "src_c1842": true, "commentaire_st": "Le lavoir et la fontaine actuels se trouvent à l'intersection de deux pièces d'eau visibles sur le plan parcellaire de 1842. Les parcelles associées sont décrites comme étant des mares dans le registre d'état de section. Les des parcelles sont \"Poul ar roue(é)\" (P269-P276) et \"Ar Poul ar Roué\" (P343). Un symbole de source/lavoir/fontaine est visible a cet emplacement sur le plan de 1910.", "bzh-nom": null, "num_cad_1842": "P269-P276, P343", "num_cad_mod": null, "acces": null, "existant_etat": null, "groupe_id": 3, "legendes": null, "usages": null, "nom-explication": null }, "geometry": { "type": "Point", "coordinates": [ 104122.358078521603602, 6848788.836462270468473 ] } },
{ "type": "Feature", "properties": { "fid": 123, "type": "fontaine", "source": "Poull Ha Feunteun", "nom": "Fontaine de Poull Brag", "precision_geom": "exacte", "statut": "existant", "src_p1910": false, "description": null, "alt-name": null, "src_c1842": false, "commentaire_st": "Le plan parcellaire de 1842 ne représente ni lavoir ni fontaine. Dans le registre d'état de section, l'ensemble formé par les parcelles E1059 à E1061 se nomme \"Tal ar Feunteun\", se qui peut indiquer que la fontaine existait déjà à cette date. La nature des parcelles est \"Pâture\" (il semble ni avoir ni douet ni mare à cette date).", "bzh-nom": null, "num_cad_1842": null, "num_cad_mod": null, "acces": "Terrain privé", "existant_etat": "entretenu", "groupe_id": 2, "legendes": null, "usages": null, "nom-explication": null }, "geometry": { "type": "Point", "coordinates": [ 102670.139559590432327, 6848460.521291630342603 ] } },
{ "type": "Feature", "properties": { "fid": 124, "type": "inconnu", "source": "Cadastre 1842", "nom": null, "precision_geom": "affinée", "statut": "à déterminer", "src_p1910": false, "description": "", "alt-name": null, "src_c1842": true, "commentaire_st": "Le plan parcellaire de 1842 représente une pièce d'eau portant la mention \"eau\" situé le long du ruisseau. Il n'y a pas de symbole dédié aux lavoirs/fontaines/sources à cet endroit sur le plan de 1910.", "bzh-nom": null, "num_cad_1842": "P1504", "num_cad_mod": null, "acces": null, "existant_etat": null, "groupe_id": null, "legendes": null, "usages": null, "nom-explication": null }, "geometry": { "type": "Point", "coordinates": [ 104558.650124851599685, 6848766.588280043564737 ] } },
{ "type": "Feature", "properties": { "fid": 125, "type": "lavoir_fontaine", "source": "Cadastre 1842", "nom": "Lavoir de Kerzoncou", "precision_geom": "exacte", "statut": "existant", "src_p1910": false, "description": null, "alt-name": null, "src_c1842": true, "commentaire_st": "Une pièce d'eau est visible sur le plan parcellaire de 1842. Le lavoir est visible sur les photographies aériennes des années 1960.", "bzh-nom": null, "num_cad_1842": "F532", "num_cad_mod": null, "acces": "Libre, bord de route", "existant_etat": null, "groupe_id": null, "legendes": null, "usages": null, "nom-explication": null }, "geometry": { "type": "Point", "coordinates": [ 102969.205767727748025, 6849591.498642922379076 ] } }
]
}
